,title,author,underwood_id,gut_id,gut_title,gut_author,score,downloads
0,THE SHORTEST-WAY WITH THE DISSENTERS: OR PROPOSALS FOR THE ESTABLISHMENT OF THE CHURCH.,"Defoe, Daniel, 1661?-1731",DefoDSW,,"The History of the Devil, As Well Ancient as Modern: In Two Parts","Defoe, Daniel",52,128
1,A True Relation OF THE APPARITION OF ONE Mrs. VEAL The next Day after Her DEATH: TO ONE Mrs. BARGRAVE At Canterbury. The 8th of September 1705.,"Defoe, Daniel, 1661?-1731",DefoDTR,36587,"A True Relation of the Apparition of one Mrs. Veal: The Next Day after Her Death, to one Mrs. Bargrave, at Canterbury, the 8th of September, 1705; which Apparition Recommends the Perusal of Drelincourt's Book of Consolations against the Fears of Death","Defoe, Daniel",100,18
2,THE HISTORY OF THE Earl of WARWICK Sirnam'd The KING-MAKER: Containing his AMOURS And other Memorable Transactions.,"Aulnoy, Madame d' (Marie-Catherine), 1650 or 51-1705",AulnMHE,,"The Ingenious and Diverting Letters of the Lady?Travels into Spain: Describing the Devotions, Nunneries, Humours, Customs,; Laws, Militia, Trade, Diet and Recreations of that People","Aulnoy, Madame d' (Marie-Catherine)",41,17
3,THE British Visions: OR ISAAC BICKERSTAFF Sen.,"Defoe, Daniel, 1661?-1731",DefoDBV,,The Further Adventures of Robinson Crusoe,"Defoe, Daniel",51,136
4,JOHN BULL Still In His SENSES: BEING THE THIRD PART OF Law is a Bottomless-Pit.,"Arbuthnot, John, 1667-1735",ArbuJJB,,The History of John Bull,"Arbuthnot, John",39,46
5,LEWIS BABOON Turned Honest AND JOHN BULL POLITICIAN. Being The FOURTH PART OF Law is a Bottomless-Pit.,"Arbuthnot, John, 1667-1735",ArbuJLB,,"Herzegovina; Or, Omer Pacha and the Christian Rebels","Arbuthnot, George",39,10
6,LEWIS BABOON Turned Honest AND JOHN BULL POLITICIAN. Being The FOURTH PART OF Law is a Bottomless-Pit.,"Arbuthnot, John, 1667-1735",ArbuJLB,,"Herzegovina; Or, Omer Pacha and the Christian Rebels","Arbuthnot, George",39,10
7,LAW IS A Bottomless-Pit. Exemplified in the CASE of The Lord Strutt John Bull Nicholas Frog and Lewis Baboon. Who spent all they had in a Law-Suit. rinted from a Manuscript found in the Cabinet of the famous Sir Humphry Polesworth.,"Arbuthnot, John, 1667-1735",ArbuJLI,,Arabic Authors: A Manual of Arabian History and Literature,"Arbuthnot, F. F.",35,13
8,JOHN BULL In His SENSES: BEING THE SECOND PART OF Law is a Bottomless-Pit.,"Arbuthnot, John, 1667-1735",ArbuJJB2,,The History of John Bull,"Arbuthnot, John",38,46
9,JOHN BULL In His SENSES: BEING THE SECOND PART OF Law is a Bottomless-Pit.,"Arbuthnot, John, 1667-1735",ArbuJJB2,,The History of John Bull,"Arbuthnot, John",38,46
10,JOHN BULL In His SENSES: BEING THE SECOND PART OF Law is a Bottomless-Pit.,"Arbuthnot, John, 1667-1735",ArbuJJB2,,The History of John Bull,"Arbuthnot, John",38,46
11,JOHN BULL In His SENSES: BEING THE SECOND PART OF Law is a Bottomless-Pit.,"Arbuthnot, John, 1667-1735",ArbuJJB2,,The History of John Bull,"Arbuthnot, John",38,46
12,JOHN BULL In His SENSES: BEING THE SECOND PART OF Law is a Bottomless-Pit.,"Arbuthnot, John, 1667-1735",ArbuJJB2,,The History of John Bull,"Arbuthnot, John",38,46
13,AN APPENDIX TO JOHN BULL Still In His SENSES: OR Law is a Bottomless-Pit.,"Arbuthnot, John, 1667-1735",ArbuJAT2,,The History of John Bull,"Arbuthnot, John",58,46
14,MEMOIRS OF Count TARIFF &c.,"Defoe, Daniel, 1661?-1731",DefoDMC,,"Memoirs of a Cavalier: A Military Journal of the Wars in Germany, and the Wars in England.; From the Year 1632 to the Year 1648.","Defoe, Daniel",59,61
15,AN INVITATION TO PEACE: OR TOBY's Preliminaries TO NESTOR IRONSIDES Set forth in a DIALOGUE Between TOBY and his KINSMAN.,"Arbuthnot, John, 1667-1735",ArbuJIT,,"Herzegovina; Or, Omer Pacha and the Christian Rebels","Arbuthnot, George",39,10
16,INCOGNITA: OR LOVE AND DUTY RECONCIL'D. A NOVEL.,"Congreve, William, 1670-1729",CongWIO,2363,"Incognita; Or, Love and Duty Reconcil'd","Congreve, William",95,10
17,A Farther Continuation OF THE HISTORY OF THE Crown-Inn.,"Arbuthnot, John, 1667-1735",ArbuJFC,,Arabic Authors: A Manual of Arabian History and Literature,"Arbuthnot, F. F.",46,13
18,A CONTINUATION OF THE HISTORY OF THE Crown-Inn: With CHARACTERS of some of the late SERVANTS; And the PROCEEDING of the TRUSTEES To the Coming of the New LANDLORD.,"Arbuthnot, John, 1667-1735",ArbuJCH,,The History of John Bull,"Arbuthnot, John",42,46
19,A POSTSCRIPT TO JOHN BULL Containing the HISTORY of the Crown-Inn With the DEATH of the WIDOW And what happened thereon.,"Arbuthnot, John, 1667-1735",ArbuJPT,,The History of John Bull,"Arbuthnot, John",65,46
20,Irish TALES: OR Instructive HISTORIES for the happy Conduct of LIFE.,"Butler, Sarah, Mrs",ButlSIT,,"The Lives of the Fathers, Martyrs, and Principal Saints: January, February, March","Butler, Alban",45,61
21,OVID's METAMORPHOSES IN FIFTEEN BOOKS. Translated by the most Eminent HANDS.,"Ovid, 43 B.C.-17 or 18 A.D",Ovid4OM,,"The Metamorphoses of Ovid, Books I-VII",Ovid,66,564
22,THE LIFE AND STRANGE SURPRIZING ADVENTURES OF ROBINSON CRUSOE Of YORK MARINER: Who lived Eight and Twenty Years all alone in an un-inhabited Island on the Coast of AMERICA near the Mouth of the Great River of OROONOQUE; Having been cast on Shore by Shipwreck wherein all the Men perished but himself.,"Defoe, Daniel, 1661?-1731",DefoDLS,11866,"The Life and Most Surprising Adventures of Robinson Crusoe, of York, Mariner (1801)","Defoe, Daniel",85,74
23,THE FARTHER ADVENTURES OF ROBINSON CRUSOE; Being the Second and Last Part OF HIS LIFE And of the STRANGE SURPRIZING ACCOUNTS of his TRAVELS Round three Parts of the Globe.,"Defoe, Daniel, 1661?-1731",DefoDFA,561,The Further Adventures of Robinson Crusoe,"Defoe, Daniel",97,136
24,THE FORTUNES AND MISFORTUNES Of the FAMOUS Moll Flanders &c.,"Defoe, Daniel, 1661?-1731",DefoDFM,370,The Fortunes and Misfortunes of the Famous Moll Flanders,"Defoe, Daniel",100,395
25,THE HISTORY OF JOHN of BOURBON Prince of CARENCY. CONTAINING A Variety of entertaining NOVELS VIZ.1. The Surprize or the Generous Unknown.2. The Mutual Mistake or The Unhappy Discovery.3. The Secret Rival or the Deceitful Friend.4. The Perfidious Lady disappointed or the Happy Reconciliation.5. The Slighted Passion or the Fatal Resentment.6. The Unfortunate Lover.7. The Female Captives.8. The Distressed Lovers.9. The Revengeful Rival.10. The Happy Meeting or Constant Love Rewarded.,"Aulnoy, Madame d' (Marie-Catherine), 1650 or 51-1705",AulnMHJ,,"The Ingenious and Diverting Letters of the Lady?Travels into Spain: Describing the Devotions, Nunneries, Humours, Customs,; Laws, Militia, Trade, Diet and Recreations of that People","Aulnoy, Madame d' (Marie-Catherine)",35,17
26,A Learned Dissertation ON DUMPLING; Its Dignity Antiquity and Excellence. With a Word upon PUDDING. AND Many other Useful Discoveries of great Benefit to the Publick.,"Carey, Henry, 1687?-1743",CareHLD,28105,A Learned Dissertation on Dumpling (1726): [and] Pudding and Dumpling Burnt to Pot. Or a Compleat Key to the Dissertation on Dumpling (1727),"Carey, Henry",99,11
27,Gulliver's Travels into Several Remote Nations of the World,"Swift, Jonathan, 1667-1745",SwifJGT,829,Gulliver's Travels into Several Remote Nations of the World,"Swift, Jonathan",100,4907
28,Pudding and Dumpling Burnt to POT. OR A COMPLEAT KEY TO THE DISSERTATION ON DUMPLING. WHEREIN All the MYSTERY of that dark Treatise is brought to Light; in such a Manner and Method that the meanest Capacity may know who and who's together.,"Carey, Henry, 1687?-1743",CareHPD,,A Learned Dissertation on Dumpling (1726): [and] Pudding and Dumpling Burnt to Pot. Or a Compleat Key to the Dissertation on Dumpling (1727),"Carey, Henry",48,11
29,THE HISTORY OF THE NORFOLK STEWARD CONTINUED.,"Pope, Alexander, 1688-1744",PopeAHN,,The Rape of the Lock and Other Poems,"Pope, Alexander",65,1063
30,FOUR ORIGINAL LETTERS VIZ. Two from a HUSBAND to a GENTLEMAN: AND Two from a HUSBAND to a WIFE.,"Cibber, Theophilus, 1703-1758",CibbTFO,,A Letter from Mr. Cibber to Mr. Pope,"Cibber, Colley",41,2
31,PAMELA: OR VIRTUE Rewarded. In a SERIES of FAMILIAR LETTERS FROM A Beautiful Young DAMSEL To her PARENTS. Now first Published In order to cultivate the Principles of VIRTUE and RELIGION in the Minds of the YOUTH of BOTH SEXES.,"Richardson, Samuel, 1689-1761",RichSPO3,6124,"Pamela, or Virtue Rewarded","Richardson, Samuel",89,1038
32,MEMOIRS Of the Extraordinary LIFE WORKS AND DISCOVERIES OF MARTINUS SCRIBLERUS.,"Pope, Alexander, 1688-1744",PopeAME2,,"The Works of Alexander Pope, Volume 1: Poetry - Volume 1","Pope, Alexander",49,41
33,PAMELA: OR Virtue Rewarded. In a SERIES of FAMILIAR LETTERS From a Beautiful Young DAMSEL to her PARENTS: And afterwards In her EXALTED CONDITION BETWEEN HER and Persons of Figure and Quality UPON THE MOST Important and Entertaining Subjects In GENTEEL LIFE.,"Richardson, Samuel, 1689-1761",RichSPO,,"Pamela, or Virtue Rewarded","Richardson, Samuel",89,1038
34,PAMELA; OR VIRTUE Rewarded. In a SERIES of FAMILIAR LETTERS From a Beautiful Young DAMSEL to her PARENTS: And afterwards In her EXALTED CONDITION BETWEEN HER and Persons of Figure and Quality UPON THE MOST Important and Entertaining Subjects In GENTEEL LIFE.,"Richardson, Samuel, 1689-1761",RichSPO2,,"Pamela, or Virtue Rewarded","Richardson, Samuel",89,1038
35,The Fortunate Foundlings,"Haywood, Eliza, 1693-1756",HaywEFF,10804,"The Fortunate Foundlings: Being the Genuine History of Colonel M??Rs, and His Sister, Madam Du P??Y, the Issue of the Hon. Ch??Es M??Rs, Son of the Late Duke of R?? L??D. Containing Many Wonderful Accidents That Befel Them in Their Travels, and Interspersed with the Characters and Adventures of Several Persons of Condition, In the Most Polite Courts of Europe. the Whole Calculated for the Entertainment and Improvement of the Youth of Both Sexes.","Haywood, Eliza Fowler",81,8
36,CLARISSA. OR THE HISTORY OF A YOUNG LADY: Comprehending The most Important Concerns of Private LIFE And particularly shewing The DISTRESSES that may attend the Misconduct Both of PARENTS and CHILDREN In Relation to MARRIAGE. Published by the EDITOR of PAMELA. VOL. IV.,"Richardson, Samuel, 1689-1761",RichSCO3,9296;9798; 9881;10462;10462;10799;11889;12180;12398,Clarissa Harlowe; or the history of a young lady ? Volume 1,"Richardson, Samuel",78,332
37,CLARISSA. OR THE HISTORY OF A YOUNG LADY: Comprehending The most Important Concerns of Private LIFE; And particularly shewing The DISTRESSES that may attend the Misconduct Both of PARENTS and CHILDREN In Relation to MARRIAGE. Published by the EDITOR of PAMELA. VOL. VII.,"Richardson, Samuel, 1689-1761",RichSCO4,,Clarissa Harlowe; or the history of a young lady ? Volume 1,"Richardson, Samuel",78,332
38,CLARISSA. OR THE HISTORY OF A YOUNG LADY: Comprehending The most Important Concerns of Private LIFE. And particularly shewing The DISTRESSES that may attend the Misconduct Both of PARENTS and CHILDREN In Relation to MARRIAGE. Published by the EDITOR of PAMELA. VOL. I.,"Richardson, Samuel, 1689-1761",RichSCO,,Clarissa Harlowe; or the history of a young lady ? Volume 1,"Richardson, Samuel",78,332
39,CLARISSA. OR THE HISTORY OF A YOUNG LADY: Comprehending The most Important Concerns of Private LIFE. And particularly shewing The DISTRESSES that may attend the Misconduct Both of PARENTS and CHILDREN In Relation to MARRIAGE. Published by the EDITOR of PAMELA. VOL. II.,"Richardson, Samuel, 1689-1761",RichSCO2,,Clarissa Harlowe; or the history of a young lady ? Volume 1,"Richardson, Samuel",78,332
40,CLARISSA.,"Richardson, Samuel, 1689-1761",RichSC,,Clarissa Harlowe; or the history of a young lady ? Volume 1,"Richardson, Samuel",39,332
41,THE ADVENTURES OF Roderick Random.,"Smollett, Tobias George, 1721-1771",SmolTAR,4085,The Adventures of Roderick Random,"Smollett, T. (Tobias)",99,143
42,THE ADVENTURES OF Roderick Random.,"Smollett, Tobias George, 1721-1771",SmolTAR2,,The Adventures of Roderick Random,"Smollett, T. (Tobias)",99,143
43,CLARISSA. OR THE HISTORY OF A YOUNG LADY: Comprehending The most Important Concerns of Private LIFE; And particularly shewing The DISTRESSES that may attend the Misconduct Both of PARENTS and CHILDREN In Relation to MARRIAGE.,"Richardson, Samuel, 1689-1761",RichSCO5,,Clarissa Harlowe; or the history of a young lady ? Volume 1,"Richardson, Samuel",78,332
44,CLARISSA.,"Richardson, Samuel, 1689-1761",RichSC2,,Clarissa Harlowe; or the history of a young lady ? Volume 1,"Richardson, Samuel",39,332
45,THE HISTORY OF TOM JONES A FOUNDLING.,"Fielding, Henry, 1707-1754",FielHHT2,6593,"History of Tom Jones, a Foundling","Fielding, Henry",85,628
46,THE HISTORY OF TOM JONES A FOUNDLING.,"Fielding, Henry, 1707-1754",FielHHT,,"History of Tom Jones, a Foundling","Fielding, Henry",85,628
47,THE HISTORY OF TOM JONES A FOUNDLING.,"Fielding, Henry, 1707-1754",FielHHT3,,"History of Tom Jones, a Foundling","Fielding, Henry",85,628
48,LETTERS and PASSAGES RESTORED From the Original Manuscripts OF THE History of CLARISSA. To which is subjoined A Collection of such of the Moral and Instructive SENTIMENTS CAUTIONS APHORISMS REFLECTIONS and OBSERVATIONS contained in the History as are presumed to be of general Use and Service. Digested under Proper HEADS.,"Richardson, Samuel, 1689-1761",RichSLP,,"Life and Literature: Over two thousand extracts from ancient and modern writers,; and classified in alphabetical order","Richardson, John Purver",48,94
49,THE Female QUIXOTE; OR THE ADVENTURES OF ARABELLA. In TWO VOLUMES. VOL. II.,"Lennox, Charlotte, ca. 1729-1804",LennCFQ2,50054,"The Female Quixote, v. 1-2: or, The Adventures of Arabella","Lennox, Charlotte",75,62
50,THE Female QUIXOTE; OR THE ADVENTURES OF ARABELLA. In TWO VOLUMES. VOL. I.,"Lennox, Charlotte, ca. 1729-1804",LennCFQ,,"The Female Quixote, v. 1-2: or, The Adventures of Arabella","Lennox, Charlotte",75,62
51,Shakespear Illustrated: OR THE NOVELS and HISTORIES On which the PLAYS of SHAKESPEAR Are Founded COLLECTED and TRANSLATED from the ORIGINAL AUTHORS. WITH CRITICAL REMARKS. BY THE Author of the FEMALE QUIXOTE. VOL. II.,"Lennox, Charlotte, ca. 1729-1804",LennCSI2,,The Feast of the Virgins and Other Poems,"Gordon, Hanford Lennox",49,3
52,Shakespear Illustrated: OR THE NOVELS and HISTORIES On which the PLAYS of SHAKESPEAR Are Founded COLLECTED and TRANSLATED from the ORIGINAL AUTHORS. WITH CRITICAL REMARKS. In TWO VOLUMES. BY THE Author of the FEMALE QUIXOTE.,"Lennox, Charlotte, ca. 1729-1804",LennCSI,,The Feast of the Virgins and Other Poems,"Gordon, Hanford Lennox",49,3
53,THE HISTORY OF Sir CHARLES GRANDISON. IN A SERIES of LETTERS Published from the ORIGINALS By the Editor of PAMELA and CLARISSA.,"Richardson, Samuel, 1689-1761",RichSHS7,,"The History of Sir Charles Grandison, Volume 4 (of 7)","Richardson, Samuel",100,9
54,THE HISTORY OF Sir CHARLES GRANDISON. IN A SERIES of LETTERS Published from the ORIGINALS By the Editor of PAMELA and CLARISSA.,"Richardson, Samuel, 1689-1761",RichSHS,,"The History of Sir Charles Grandison, Volume 4 (of 7)","Richardson, Samuel",100,9
55,THE HISTORY OF Sir CHARLES GRANDISON. IN A SERIES of LETTERS Published from the ORIGINALS By the Editor of PAMELA and CLARISSA.,"Richardson, Samuel, 1689-1761",RichSHS2,,"The History of Sir Charles Grandison, Volume 4 (of 7)","Richardson, Samuel",100,9
56,THE HISTORY OF Sir CHARLES GRANDISON. IN A SERIES of LETTERS Published from the ORIGINALS By the Editor of PAMELA and CLARISSA.,"Richardson, Samuel, 1689-1761",RichSHS3,,"The History of Sir Charles Grandison, Volume 4 (of 7)","Richardson, Samuel",100,9
57,THE HISTORY OF Sir CHARLES GRANDISON. IN A SERIES of LETTERS Published from the ORIGINALS By the Editor of PAMELA and CLARISSA.,"Richardson, Samuel, 1689-1761",RichSHS5,,"The History of Sir Charles Grandison, Volume 4 (of 7)","Richardson, Samuel",100,9
58,THE HISTORY OF Sir CHARLES GRANDISON.,"Richardson, Samuel, 1689-1761",RichSHS6,,"The History of Sir Charles Grandison, Volume 4 (of 7)","Richardson, Samuel",100,9
59,THE HISTORY OF Sir CHARLES GRANDISON. IN A SERIES of LETTERS Published from the ORIGINALS By the Editor of PAMELA and CLARISSA.,"Richardson, Samuel, 1689-1761",RichSHS4,,"The History of Sir Charles Grandison, Volume 4 (of 7)","Richardson, Samuel",100,9
60,Shakespear Illustrated: OR THE NOVELS and HISTORIES On which the PLAYS of SHAKESPEAR Are Founded COLLECTED and TRANSLATED from the ORIGINAL AUTHORS. WITH CRITICAL REMARKS. The THIRD and LAST VOLUME. BY THE Author of the FEMALE QUIXOTE.,"Lennox, Charlotte, ca. 1729-1804",LennCSI3,,The Feast of the Virgins and Other Poems,"Gordon, Hanford Lennox",49,3
61,A COLLECTION Of the Moral and Instructive SENTIMENTS MAXIMS CAUTIONS and REFLEXIONS Contained in the Histories of PAMELA CLARISSA and Sir CHARLES GRANDISON.,"Richardson, Samuel, 1689-1761",RichSCM,,"The Long Day: The Story of a New York Working Girl, as Told by Herself","Richardson, Dorothy",50,10
62,THE LIFE OF JOHN BUNCLE Esq CONTAINING Various OBSERVATIONS and REFLECTIONS Made in several Parts of the WORLD; AND Many extraordinary RELATIONS.,"Amory, Thomas, 1691?-1788?",AmorTLJ,,The Ascent of the Soul,"Bradford, Amory H. (Amory Howe)",58,7
63,THE MEMOIRS OF THE Countess of BERCI.,"Lennox, Charlotte, ca. 1729-1804",LennCMC2,,The Feast of the Virgins and Other Poems,"Gordon, Hanford Lennox",63,3
64,THE MEMOIRS OF THE Countess of BERCI.,"Lennox, Charlotte, ca. 1729-1804",LennCMC,,The Feast of the Virgins and Other Poems,"Gordon, Hanford Lennox",63,3
65,A SERIES of Genuine LETTERS BETWEEN HENRY AND FRANCES.,"Griffith, Richard, d. 1788",GrifRSG2,,A Narrative of the Siege of Delhi: With an Account of the Mutiny at Ferozepore in 1857,"Griffiths, Charles John",51,18
66,A SERIES of Genuine LETTERS BETWEEN HENRY AND FRANCES.,"Griffith, Richard, d. 1788",GrifRSG,,A Narrative of the Siege of Delhi: With an Account of the Mutiny at Ferozepore in 1857,"Griffiths, Charles John",51,18
67,HENRIETTA.,"Lennox, Charlotte, ca. 1729-1804",LennCH2,,Legends of the Northwest,"Gordon, Hanford Lennox",35,12
68,HENRIETTA.,"Lennox, Charlotte, ca. 1729-1804",LennCH,,Legends of the Northwest,"Gordon, Hanford Lennox",35,12
69,A Political Romance Addressed To  Esq OF YORK. To which is subjoined a KEY.,"Sterne, Laurence, 1713-1768",SterLPR,20257,A Political Romance,"Sterne, Laurence",75,12
70,"The History of Rasselas, Prince of Abyssinia","Johnson, Samuel, 1709-1784",JohnSRP,,"The History of Cuba, vol. 4","Johnson, Willis Fletcher",64,39
71,"The History of Rasselas, Prince of Abyssinia","Johnson, Samuel, 1709-1784",JohnSRP,,"The History of Cuba, vol. 4","Johnson, Willis Fletcher",64,39
72,"The History of Rasselas, Prince of Abyssinia","Johnson, Samuel, 1709-1784",JohnSRP,,"The History of Cuba, vol. 4","Johnson, Willis Fletcher",64,39
73,THE LIFE AND OPINIONS OF TRISTRAM SHANDY GENTLEMAN.,"Sterne, Laurence, 1713-1768",SterLLO,1079,"The Life and Opinions of Tristram Shandy, Gentleman","Sterne, Laurence",100,1134
74,THE HISTORY OF TOM FOOL.,"Stevens, George Alexander, 1710-1784",StevGHT,,The Mystery of the Boule Cabinet: A Detective Story,"Stevenson, Burton Egbert",67,66
75,THE LIFE AND OPINIONS OF TRISTRAM SHANDY GENTLEMAN.,"Sterne, Laurence, 1713-1768",SterLLO2,,"The Life and Opinions of Tristram Shandy, Gentleman","Sterne, Laurence",100,1134
76,A SCOTSMAN'S REMARKS On the FARCE of LOVE A LA MODE SCENE by SCENE. As it is acted at the THEATRE ROYAL in Drury Lane.,"Macklin, Charles, 1697?-1797",MackCSR,,"The Covent Garden Theatre, or Pasquin Turn'd Drawcansir","Macklin, Charles",43,4
77,EXPLANATORY REMARKS UPON THE LIFE AND OPINIONS OF TRISTRAM SHANDY; WHEREIN The MORALS and POLITICS of this PIECE are clearly laid open By JEREMIAH KUNASTROKIUS M. D.,"Sterne, Laurence, 1713-1768",SterLER,,Giants on the Earth,"Meek, S. P. (Sterner St. Paul)",50,59
78,YORICK's MEDITATIONS UPON VARIOUS Interesting and Important SUBJECTS. VIZ.Upon NOTHING.Upon SOMETHING.Upon the THING.Upon the CONSTITUTION.On TOBACCO.On NOSES.Upon QUACKS.Upon MIDWIVES.Upon the HOMUNCULUS.Upon HOBBY-HORSES.Upon MOMUS'S GLASS.Upon DIGRESSIONS.On OBSCURITY in Writing.On NONSENSE.Upon the ASSOCIATION of IDEAS.Upon CUCKOLDS.Upon the MAN in the MOON.Upon the MONADES of LEIBNITZ.Upon Virtu.Upon CONSCIENCE.Upon DRUNKENNESS.Upon a CLOSE-STOOLMEDITATION upon MEDITATIONS.,"Sterne, Laurence, 1713-1768",SterLYM,,Giants on the Earth,"Meek, S. P. (Sterner St. Paul)",38,59
79,EDGAR and EMMELINE: A FAIRY TALE.,"Hawkesworth, John, 1715?-1773",HawkJEE,14013,Almoran and Hamet: An Oriental Tale,"Hawkesworth, John",49,4
80,ALMORAN AND HAMET: AN ORIENTAL TALE.,"Hawkesworth, John, 1715?-1773",HawkJAH2,,Almoran and Hamet: An Oriental Tale,"Hawkesworth, John",100,4
81,ALMORAN AND HAMET: AN ORIENTAL TALE.,"Hawkesworth, John, 1715?-1773",HawkJAH,,Almoran and Hamet: An Oriental Tale,"Hawkesworth, John",100,4
82,FINGAL AN ANCIENT EPIC POEM In SIX BOOKS: Together with several other POEMS composed by OSSIAN the Son of FINGAL.,"Macpherson, James, 1736-1796",MacpJFA2,,Fragments of Ancient Poetry,"MacPherson, James",56,81
83,SOPHIA. BY Mrs. CHARLOTTE LENNOX.,"Lennox, Charlotte, ca. 1729-1804",LennCSB,,The Minstrel: A Collection of Poems,"Amott, Lennox",35,3
84,SOPHIA.,"Lennox, Charlotte, ca. 1729-1804",LennCS,,The Feast of the Virgins and Other Poems,"Gordon, Hanford Lennox",26,3
85,THE CITIZEN of the WORLD; OR LETTERS FROM A CHINESE PHILOSOPHER Residing in LONDON TO HIS FRIENDS in the EAST.,"Goldsmith, Oliver, 1728-1774",GoldOCW2,,The Poems of Oliver Goldsmith,"Goldsmith, Oliver",52,14
86,THE CITIZEN of the WORLD; OR LETTERS FROM A CHINESE PHILOSOPHER Residing in LONDON TO HIS FRIENDS in the EAST.,"Goldsmith, Oliver, 1728-1774",GoldOCW,,The Poems of Oliver Goldsmith,"Goldsmith, Oliver",52,14
87,THE CITIZEN of the WORLD; OR LETTERS FROM A CHINESE PHILOSOPHER Residing in LONDON TO HIS FRIENDS in the EAST.,"Goldsmith, Oliver, 1728-1774",GoldOCW4,,The Poems of Oliver Goldsmith,"Goldsmith, Oliver",52,14
88,THE CITIZEN of the WORLD; OR LETTERS FROM A CHINESE PHILOSOPHER Residing in LONDON TO HIS FRIENDS in the EAST.,"Goldsmith, Oliver, 1728-1774",GoldOCW3,,The Poems of Oliver Goldsmith,"Goldsmith, Oliver",52,14
89,THE BATTLE of LORA. A POEM WITH Some FRAGMENTS written in the ERSE or IRISH LANGUAGE BY OSSIAN the SON of FINGAL.,"Macpherson, James, 1736-1796",MacpJBL,,Picturesque Quebec : a sequel to Quebec past and present,"Le Moine, J. M. (James MacPherson), Sir",36,16
90,THE HISTORY OF Lady Julia Mandeville.,"Brooke, Frances, 1724?-1789",BrooFHL2,,The History of Emily Montague,"Brooke, Frances",70,26
91,THE HISTORY OF Lady Julia Mandeville.,"Brooke, Frances, 1724?-1789",BrooFHL,,The History of Emily Montague,"Brooke, Frances",70,26
92,THE CASTLE of OTRANTO A STORY. Translated by WILLIAM MARSHAL Gent. From the Original ITALIAN of ONUPHRIO MURALTO CANON of the Church of St. NICHOLAS at OTRANTO.,"Walpole, Horace, 1717-1797",WalpHCO,696,The Castle of Otranto,"Walpole, Horace",95,1424
93,THE CASTLE of OTRANTO A STORY.,"Walpole, Horace, 1717-1797",WalpHCO2,,The Castle of Otranto,"Walpole, Horace",95,1424
94,THE VICAR OF WAKEFIELD: A TALE. Supposed to be written by HIMSELF.,"Goldsmith, Oliver, 1728-1774",GoldOVW,2667,The Vicar of Wakefield,"Goldsmith, Oliver",94,330
95,THE VICAR OF WAKEFIELD: A TALE. Supposed to be written by HIMSELF.,"Goldsmith, Oliver, 1728-1774",GoldOVW2,,The Vicar of Wakefield,"Goldsmith, Oliver",94,330
96,MEMOIRS OF A MAGDALEN: OR THE HISTORY OF LOUISA MILDMAY.,"Kelly, Hugh, 1739-1777",KellHMM2,,Bears I Have Met?and Others,"Kelly, Allen",50,17
97,THE BABLER___ CONTAINING A CAREFUL SELECTION FROM THOSE ENTERTAINING and INTERESTING ESSAYS WHICH HAVE GIVEN the PUBLIC so much SATISFACTION under that TITLE DURING A COURSE of FOUR YEARS IN OWEN's WEEKLY CHRONICLE.,"Kelly, Hugh, 1739-1777",KellHBC2,,The Reconciliation of Races and Religions,"Cheyne, T. K. (Thomas Kelly)",46,4
98,DORANDO A SPANISH TALE.,"Boswell, James, 1740-1795",BoswJDS,,"The Journal of a Tour to the Hebrides with Samuel Johnson, LL.D.","Boswell, James",36,62
99,THE BABLER. CONTAINING A CAREFUL SELECTION FROM THOSE ENTERTAINING and INTERESTING ESSAYS. WHICH HAVE GIVEN the PUBLIC so much SATISFACTION under that TITLE DURING A COURSE of FOUR YEARS IN OWEN's WEEKLY CHRONICLE.,"Kelly, Hugh, 1739-1777",KellHBC,,The Reconciliation of Races and Religions,"Cheyne, T. K. (Thomas Kelly)",48,4
100,THE HISTORY OF NOURJAHAD.,"Sheridan, Frances Chamberlaine, 1724-1766",SherFHN,,The House by the Church-Yard,"Le Fanu, Joseph Sheridan",53,104
101,MEMOIRS OF A MAGDALEN: OR THE HISTORY OF LOUISA MILDMAY.,"Kelly, Hugh, 1739-1777",KellHMM,,Bears I Have Met?and Others,"Kelly, Allen",50,17
102,A SENTIMENTAL JOURNEY THROUGH FRANCE AND ITALY.,"Sterne, Laurence, 1713-1768",SterLSJ,804,A Sentimental Journey Through France and Italy,"Sterne, Laurence",100,289
103,A SENTIMENTAL JOURNEY THROUGH FRANCE AND ITALY.,"Sterne, Laurence, 1713-1768",SterLSJ2,,A Sentimental Journey Through France and Italy,"Sterne, Laurence",100,289
104,THE HISTORY AND ADVENTURES OF AN ATOM.,"Smollett, Tobias George, 1721-1771",SmolTHA2,,"The History of England in Three Volumes, Vol.II.: Continued from the Reign of William and Mary to the Death of George II.","Smollett, T. (Tobias)",63,110
105,THE HISTORY AND ADVENTURES OF AN ATOM.,"Smollett, Tobias George, 1721-1771",SmolTHA,,"The History of England in Three Volumes, Vol.II.: Continued from the Reign of William and Mary to the Death of George II.","Smollett, T. (Tobias)",63,110
106,THE HISTORY OF LADY BARTON A NOVEL IN LETTERS,"Griffith, Mrs. (Elizabeth), 1720?-1793",GrifMHL,,The History and Romance of Crime?Oriental Prisons: From the earliest times to the present day,"Griffiths, Arthur",69,38
107,THE HISTORY OF LADY BARTON A NOVEL IN LETTERS,"Griffith, Mrs. (Elizabeth), 1720?-1793",GrifMHL2,,The History and Romance of Crime?Oriental Prisons: From the earliest times to the present day,"Griffiths, Arthur",69,38
108,THE HISTORY OF LADY BARTON A NOVEL IN LETTERS,"Griffith, Mrs. (Elizabeth), 1720?-1793",GrifMHL3,,The History and Romance of Crime?Oriental Prisons: From the earliest times to the present day,"Griffiths, Arthur",69,38
109,THE HERMITAGE; A BRITISH STORY.,"Hutchinson, William, 1732-1814",HutcWHB,,The Happy Warrior,"Hutchinson, A. S. M. (Arthur Stuart-Menteth)",50,13
110,LIBERAL OPINIONS UPON ANIMALS MAN AND PROVIDENCE.,"Pratt, Mr. (Samuel Jackson), 1749-1814",PratMLO2,,"Absurdities of Immaterialism: Or, A Reply to T. W. P. Taylder's Pamphlet, Entitled, ""The Materialism of the Mormons or Latter-Day Saints, Examined and Exposed.""","Pratt, Orson",44,31
111,LIBERAL OPINIONS UPON ANIMALS MAN AND PROVIDENCE.,"Pratt, Mr. (Samuel Jackson), 1749-1814",PratMLO,,"Absurdities of Immaterialism: Or, A Reply to T. W. P. Taylder's Pamphlet, Entitled, ""The Materialism of the Mormons or Latter-Day Saints, Examined and Exposed.""","Pratt, Orson",44,31
112,LIBERAL OPINIONS In which is concluded the HISTORY OF BENIGNUS.,"Pratt, Mr. (Samuel Jackson), 1749-1814",PratMLO6,,"The Preliminaries, and Other Stories","Comer, Cornelia A. P. (Cornelia Atwood Pratt)",44,8
113,LIBERAL OPINIONS In which is continued the HISTORY OF BENIGNUS.,"Pratt, Mr. (Samuel Jackson), 1749-1814",PratMLO4,,"The Preliminaries, and Other Stories","Comer, Cornelia A. P. (Cornelia Atwood Pratt)",44,8
114,LIBERAL OPINIONS In which is continued the HISTORY OF BENIGNUS.,"Pratt, Mr. (Samuel Jackson), 1749-1814",PratMLO3,,"The Preliminaries, and Other Stories","Comer, Cornelia A. P. (Cornelia Atwood Pratt)",44,8
115,A WEEK at a COTTAGE a Pastoral Tale.,"Hutchinson, William, 1732-1814",HutcWWA,,If Winter Comes,"Hutchinson, A. S. M. (Arthur Stuart-Menteth)",41,13
116,LIBERAL OPINIONS In which is continued the HISTORY OF BENIGNUS.,"Pratt, Mr. (Samuel Jackson), 1749-1814",PratMLO5,,"The Preliminaries, and Other Stories","Comer, Cornelia A. P. (Cornelia Atwood Pratt)",44,8
117,THE PUPIL OF PLEASURE: OR The New System Illustrated. INSCRIBED To Mrs. EUGENIA STANHOPE EDITOR OF LORD CHESTERFIELD's LETTERS. By COURTNEY MELMOTH. Versatile ingenium. VOL. I.,"Pratt, Mr. (Samuel Jackson), 1749-1814",PratMPP,,"The Autobiography of Parley Parker Pratt: One of the Twelve Apostles of the Church of Jesus Christ of Latter-Day Saints, Embracing His Life, Ministry, and Travels","Pratt, Parley P. (Parley Parker)",58,29
118,THE STORY OF LADY JULIANA HARLEY.,"Griffith, Mrs. (Elizabeth), 1720?-1793",GrifMSL2,,The History and Romance of Crime?Oriental Prisons: From the earliest times to the present day,"Griffiths, Arthur",59,38
119,THE STORY OF LADY JULIANA HARLEY.,"Griffith, Mrs. (Elizabeth), 1720?-1793",GrifMSL,,The History and Romance of Crime?Oriental Prisons: From the earliest times to the present day,"Griffiths, Arthur",59,38
120,THE PUPIL OF PLEASURE: OR The New System Illustrated. INSCRIBED To Mrs. EUGENIA STANHOPE EDITOR OF LORD CHESTERFIELD's LETTERS. By COURTNEY MELMOTH. Versatile ingenium.,"Pratt, Mr. (Samuel Jackson), 1749-1814",PratMPP2,,"The Autobiography of Parley Parker Pratt: One of the Twelve Apostles of the Church of Jesus Christ of Latter-Day Saints, Embracing His Life, Ministry, and Travels","Pratt, Parley P. (Parley Parker)",58,29
121,CHARLES AND CHARLOTTE.,"Pratt, Mr. (Samuel Jackson), 1749-1814",PratMCC2,,Armenia and the Armenians: A List of References in the New York Public Library,"Pratt, Ida A.",48,32
122,CHARLES AND CHARLOTTE.,"Pratt, Mr. (Samuel Jackson), 1749-1814",PratMCC,,Armenia and the Armenians: A List of References in the New York Public Library,"Pratt, Ida A.",48,32
123,TRAVELS FOR THE HEART. WRITTEN IN FRANCE BY COURTNEY MELMOTH. IN TWO VOLUMES. VOL. II.,"Pratt, Mr. (Samuel Jackson), 1749-1814",PratMTF2,,Vesty of the Basins,"Greene, Sarah Pratt McLean",53,2
124,TRAVELS FOR THE HEART. WRITTEN IN FRANCE BY COURTNEY MELMOTH. IN TWO VOLUMES. VOL. I.,"Pratt, Mr. (Samuel Jackson), 1749-1814",PratMTF,,Vesty of the Basins,"Greene, Sarah Pratt McLean",53,2
125,LEARNING AT A LOSS OR THE AMOURS OF MR. PEDANT and MISS HARTLEY A NOVEL.,"Way, G. L. (Gregory Lewis), d. 1799",WayGLA2,,Language of Flowers,"Greenaway, Kate",50,296
126,LEARNING AT A LOSS OR THE AMOURS OF MR. PEDANT and MISS HARTLEY.,"Way, G. L. (Gregory Lewis), d. 1799",WayGLA,,Language of Flowers,"Greenaway, Kate",50,296
127,EVELINA; OR A YOUNG LADY's ENTRANCE INTO THE WORLD.,"Burney, Fanny, 1752-1840",BurnFEO,6053,"Evelina, Or, the History of a Young Lady's Entrance into the World","Burney, Fanny",53,285
128,SHENSTONE-GREEN; OR THE NEW PARADISE LOST.,"Pratt, Mr. (Samuel Jackson), 1749-1814",PratMSO2,,Vesty of the Basins,"Greene, Sarah Pratt McLean",47,2
129,SHENSTONE-GREEN; OR THE NEW PARADISE LOST.,"Pratt, Mr. (Samuel Jackson), 1749-1814",PratMSO3,,Vesty of the Basins,"Greene, Sarah Pratt McLean",47,2
130,MODERN ANECDOTE OF THE ANCIENT FAMILY OF THE Kinkvervankotsdarsprakengotchderns: A TALE FOR CHRISTMAS 1779.,"Craven, Elizabeth Craven, Baroness, 1750-1828",CravEMA,,"The Virginia Company Of London, 1606-1624","Craven, Wesley Frank",39,51
131,EVELINA; OR A YOUNG LADY'S ENTRANCE INTO THE WORLD.,"Burney, Fanny, 1752-1840",BurnFEO2,,"Evelina, Or, the History of a Young Lady's Entrance into the World","Burney, Fanny",53,285
132,SHENSTONE-GREEN; OR THE NEW PARADISE LOST.,"Pratt, Mr. (Samuel Jackson), 1749-1814",PratMSO,,Vesty of the Basins,"Greene, Sarah Pratt McLean",47,2
133,THE TUTOR OF TRUTH. BY THE AUTHOR OF THE PUPIL OF PLEASURE &c. &c. IN TWO VOLUMES.,"Pratt, Mr. (Samuel Jackson), 1749-1814",PratMTT,,"The Autobiography of Parley Parker Pratt: One of the Twelve Apostles of the Church of Jesus Christ of Latter-Day Saints, Embracing His Life, Ministry, and Travels","Pratt, Parley P. (Parley Parker)",50,29
134,THE TUTOR OF TRUTH. BY THE AUTHOR OF THE PUPIL OF PLEASURE &c. &c. IN TWO VOLUMES.,"Pratt, Mr. (Samuel Jackson), 1749-1814",PratMTT2,,"The Autobiography of Parley Parker Pratt: One of the Twelve Apostles of the Church of Jesus Christ of Latter-Day Saints, Embracing His Life, Ministry, and Travels","Pratt, Parley P. (Parley Parker)",50,29
135,EMMA CORBETT; OR THE MISERIES OF CIVIL WAR.,"Pratt, Mr. (Samuel Jackson), 1749-1814",PratMEC,,"Divine Authority; Or, the Question: Was Joseph Smith Sent of God?","Pratt, Orson",50,7
136,EMMA CORBETT; OR THE MISERIES OF CIVIL WAR.,"Pratt, Mr. (Samuel Jackson), 1749-1814",PratMEC2,,"Divine Authority; Or, the Question: Was Joseph Smith Sent of God?","Pratt, Orson",50,7
137,EMMA CORBETT; OR THE MISERIES OF CIVIL WAR.,"Pratt, Mr. (Samuel Jackson), 1749-1814",PratMEC3,,"Divine Authority; Or, the Question: Was Joseph Smith Sent of God?","Pratt, Orson",50,7
138,ALWYN: OR THE Gentleman Comedian. IN TWO VOLUMES.,"Holcroft, Thomas, 1745-1809",HolcTAO2,,The Adventures of Hugh Trevor,"Holcroft, Thomas",35,4
139,THE MAID OF ARRAGON; A TALE.,"Cowley, Mrs. (Hannah), 1743-1809",CowlMMA,,A Bold Stroke for a Husband: A Comedy in Five Acts,"Cowley, Hannah",39,4
140,ALWYN: OR THE Gentleman Comedian. IN TWO VOLUMES.,"Holcroft, Thomas, 1745-1809",HolcTAO,,The Adventures of Hugh Trevor,"Holcroft, Thomas",35,4
141,CECILIA OR MEMOIRS OF AN HEIRESS.,"Burney, Fanny, 1752-1840",BurnFCO2,,"Cecilia; Or, Memoirs of an Heiress ? Volume 1","Burney, Fanny",96,70
142,THE BEAUTIES OF STERNE: INCLUDING ALL HIS PATHETIC TALES AND MOST DISTINGUISHED OBSERVATIONS ON LIFE. SELECTED FOR THE HEART OF SENSIBILITY.,"Sterne, Laurence, 1713-1768",SterLBS,,"The Life and Opinions of Tristram Shandy, Gentleman","Sterne, Laurence",46,1134
143,CECILIA OR MEMOIRS OF AN HEIRESS.,"Burney, Fanny, 1752-1840",BurnFCO5,,"Cecilia; Or, Memoirs of an Heiress ? Volume 1","Burney, Fanny",96,70
144,CECILIA OR MEMOIRS OF AN HEIRESS.,"Burney, Fanny, 1752-1840",BurnFCO4,,"Cecilia; Or, Memoirs of an Heiress ? Volume 1","Burney, Fanny",96,70
145,CECILIA OR MEMOIRS OF AN HEIRESS.,"Burney, Fanny, 1752-1840",BurnFCO3,,"Cecilia; Or, Memoirs of an Heiress ? Volume 1","Burney, Fanny",96,70
146,CECILIA OR MEMOIRS OF AN HEIRESS.,"Burney, Fanny, 1752-1840",BurnFCO,,"Cecilia; Or, Memoirs of an Heiress ? Volume 1","Burney, Fanny",96,70
147,THE FAMILY PICTURE; OR DOMESTIC DIALOGUES ON AMIABLE AND INTERESTING SUBJECTS; ILLUSTRATED BY HISTORIES ALLEGORIES TALES FABLES ANECDOTES &c. INTENDED TO STRENGTHEN AND INFORM THE MIND. BY THOMAS HOLCROFT AUTHOR OF DUPLICITY A COMEDY.,"Holcroft, Thomas, 1745-1809",HolcTFP,,The Adventures of Hugh Trevor,"Holcroft, Thomas",43,4
148,THE FAMILY PICTURE; OR DOMESTIC DIALOGUES ON AMIABLE AND INTERESTING SUBJECTS; ILLUSTRATED BY HISTORIES ALLEGORIES TALES FABLES ANECDOTES &c. INTENDED TO STRENGTHEN AND INFORM THE MIND. BY THOMAS HOLCROFT AUTHOR OF DUPLICITY A COMEDY.,"Holcroft, Thomas, 1745-1809",HolcTFP2,,The Adventures of Hugh Trevor,"Holcroft, Thomas",43,4
149,MARIA; OR THE GENEROUS RUSTIC.,"Berkeley, George Monck, 1763-1793",BerkGMO,,"A Proposal for the Better Supplying of Churches in Our Foreign Plantations, and for Converting the Savage Americans to Christianity, By a College to Be Erected in the Summer Islands, Otherwise Called the Isles of Bermuda","Berkeley, George",51,3
150,Modern Times OR THE ADVENTURES OF GABRIEL OUTCAST. SUPPOSED TO BE WRITTEN BY HIMSELF___ IN IMITATION OF GIL BLAS.,"Trusler, John, 1735-1820",TrusJMT3,,"The Works of William Hogarth: In a Series of Engravings: With Descriptions, and a Comment on Their Moral Tendency","Trusler, John",34,110
151,Modern Times OR THE ADVENTURES OF GABRIEL OUTCAST.,"Trusler, John, 1735-1820",TrusJMT,,"The Works of William Hogarth: In a Series of Engravings: With Descriptions, and a Comment on Their Moral Tendency","Trusler, John",34,110
152,THE RECESS; OR A TALE OF OTHER TIMES.,"Lee, Sophia, 1750-1824",LeeSRO2,,The Countess of Albany,"Lee, Vernon",60,15
153,THE RECESS; OR A TALE OF OTHER TIMES.,"Lee, Sophia, 1750-1824",LeeSRO3,,The Countess of Albany,"Lee, Vernon",60,15
154,Modern Times OR THE ADVENTURES OF GABRIEL OUTCAST. SUPPOSED TO BE WRITTEN BY HIMSELF.,"Trusler, John, 1735-1820",TrusJMT2,,"The Works of William Hogarth: In a Series of Engravings: With Descriptions, and a Comment on Their Moral Tendency","Trusler, John",34,110
155,THE RECESS; OR A TALE OF OTHER TIMES.,"Lee, Sophia, 1750-1824",LeeSRO,,The Countess of Albany,"Lee, Vernon",60,15
156,APPEARANCE IS AGAINST THEM IN A SERIES OF LETTERS IN THREE VOLUMES BY THE AUTHOR OF EMILY HERBERT OR PERFIDY PUNISHED.,"Inchbald, Mrs., 1753-1821",InchMAI2,,Nature and Art,"Inchbald, Mrs.",37,7
157,APPEARANCE IS AGAINST THEM IN A SERIES OF LETTERS IN THREE VOLUMES BY THE AUTHOR OF EMILY HERBERT OR PERFIDY PUNISHED.,"Inchbald, Mrs., 1753-1821",InchMAI3,,Nature and Art,"Inchbald, Mrs.",37,7
158,APPEARANCE IS AGAINST THEM IN A SERIES OF LETTERS IN THREE VOLUMES BY THE AUTHOR OF EMILY HERBERT OR PERFIDY PUNISHED.,"Inchbald, Mrs., 1753-1821",InchMAI4,,Nature and Art,"Inchbald, Mrs.",37,7
159,THE Delicate Distress A NOVEL: IN LETTERS.,"Griffith, Mrs. (Elizabeth), 1720?-1793",GrifMDD,,The Negro in Literature and Art in the United States,"Brawley, Benjamin Griffith",53,56
160,EMILY HERBERT; OR PERFIDY PUNISHED. A NOVEL. IN A SERIES OF LETTERS.,"Inchbald, Mrs., 1753-1821",InchMEH,,Next Door Neighbours: A Comedy; In Three Acts,"Inchbald, Mrs.",36,4
161,SPANISH MEMOIRS; IN A SERIES OF ORIGINAL LETTERS. CONTAINING THE HISTORY OF DONNA ISABELLA DELLA VILLAREA NIECE TO DON JOHN TWENTIETH AND LAST DUKE OF ARANDINA.,"Berkeley, George Monck, 1763-1793",BerkGSM2,,With Manchesters in the East,"Hurst, Gerald B. (Gerald Berkeley), Sir",50,9
162,SPANISH MEMOIRS; IN A SERIES OF ORIGINAL LETTERS. CONTAINING THE HISTORY OF DONNA ISABELLA DELLA VILLAREA NIECE TO DON JOHN TWENTIETH AND LAST DUKE OF ARANDINA.,"Berkeley, George Monck, 1763-1793",BerkGSM,,With Manchesters in the East,"Hurst, Gerald B. (Gerald Berkeley), Sir",50,9
163,THE Delicate Distress A NOVEL: IN LETTERS.,"Griffith, Mrs. (Elizabeth), 1720?-1793",GrifMDD2,,The Negro in Literature and Art in the United States,"Brawley, Benjamin Griffith",53,56
164,THE CHILDREN'S FRIEND.,"Berquin, M. (Arnaud), 1747-1791",BerqMCF2,,"The Looking-Glass for the Mind; or, Intellectual Mirror","Berquin, M. (Arnaud)",49,5
165,THE CHILDREN'S FRIEND.,"Berquin, M. (Arnaud), 1747-1791",BerqMCF,,"The Looking-Glass for the Mind; or, Intellectual Mirror","Berquin, M. (Arnaud)",49,5
166,Mary,"Wollstonecraft, Mary",WollMM,16357,Mary: A Fiction,"Wollstonecraft, Mary",42,67
167,Emmeline,"Smith, Charlotte Turner",SmitCE,,Jewellery,"Smith, H. Clifford",47,73
168,THE CHILDREN'S FRIEND. TRANSLATED FROM THE FRENCH OF M. BERQUIN; COMPLETE IN FOUR VOLUMES. ORNAMENTED WITH FRONTISPIECES. A NEW CORRECTED EDITION; WITH ADDITIONS.,"Berquin, M. (Arnaud), 1747-1791",BerqMCF4,,"The Looking-Glass for the Mind; or, Intellectual Mirror","Berquin, M. (Arnaud)",43,5
169,THE CHILDREN'S FRIEND.,"Berquin, M. (Arnaud), 1747-1791",BerqMCF3,,"The Looking-Glass for the Mind; or, Intellectual Mirror","Berquin, M. (Arnaud)",49,5
170,ARUNDEL.,"Cumberland, Richard, 1732-1811",CumbRA2,,A Century of Sail and Steam on the Niagara River,"Cumberland, Barlow",28,16
171,THE CASTLES OF ATHLIN AND DUNBAYNE. A HIGHLAND STORY.,"Radcliffe, Ann Ward, 1764-1823",RadcACA,,The Mysteries of Udolpho,"Radcliffe, Ann Ward",53,667
172,THE YOUNG WIDOW; OR THE HISTORY OF CORNELIA SEDLEY IN A SERIES OF LETTERS.,"Hayley, William, 1745-1820",HaylWYW2,,The Eulogies of Howard: A Vision,"Hayley, William",50,7
173,ARUNDEL.,"Cumberland, Richard, 1732-1811",CumbRA,,A Century of Sail and Steam on the Niagara River,"Cumberland, Barlow",28,16
174,THE YOUNG WIDOW; OR THE HISTORY OF CORNELIA SEDLEY IN A SERIES OF LETTERS.,"Hayley, William, 1745-1820",HaylWYW,,The Eulogies of Howard: A Vision,"Hayley, William",50,7
175,EUPHEMIA.,"Lennox, Charlotte, ca. 1729-1804",LennCE,,"The Female Quixote, v. 1-2: or, The Adventures of Arabella","Lennox, Charlotte",28,62
176,EUPHEMIA.,"Lennox, Charlotte, ca. 1729-1804",LennCE2,,"The Female Quixote, v. 1-2: or, The Adventures of Arabella","Lennox, Charlotte",28,62
177,A NEW TALE OF A TUB WRITTEN FOR THE DELIGHT AND INSTRUCTION OF EVERY BRITISH SUBJECT IN PARTICULAR AND ALL THE WORLD IN GENERAL.,"Pinkerton, John, 1758-1826",PinkJNT,,Five Thousand Dollars Reward,"Pinkerton, A. Frank",37,9
178,"Euphemia, volume III.","Lennox, Charlotte, ca. 1729-1804",LennCE3,,The Feast of the Virgins and Other Poems,"Gordon, Hanford Lennox",40,3
179,JULIA A NOVEL; INTERSPERSED WITH SOME POETICAL PIECES.,"Williams, Helen Maria, 1762-1827",WillHJN2,,Animal Analogues: Verses and Illustrations,"Wood, Robert Williams",46,9
180,JULIA A NOVEL; INTERSPERSED WITH SOME POETICAL PIECES.,"Williams, Helen Maria, 1762-1827",WillHJN,,Animal Analogues: Verses and Illustrations,"Wood, Robert Williams",46,9
181,A SICILIAN ROMANCE. BY THE AUTHORESS OF THE CASTLES OF ATHLIN AND DUNBAYNE. IN TWO VOLUMES.,"Radcliffe, Ann Ward, 1764-1823",RadcASR,7371,A Sicilian Romance,"Radcliffe, Ann Ward",82,119
182,A SICILIAN ROMANCE. BY THE AUTHORESS OF THE CASTLES OF ATHLIN AND DUNBAYNE. IN TWO VOLUMES.,"Radcliffe, Ann Ward, 1764-1823",RadcASR2,,A Sicilian Romance,"Radcliffe, Ann Ward",82,119
183,Proverbs Exemplified AND ILLUSTRATED BY PICTURES FROM REAL LIFE.,"Trusler, John, 1735-1820",TrusJPE,22500,"The Works of William Hogarth: In a Series of Engravings: With Descriptions, and a Comment on Their Moral Tendency","Trusler, John",32,110
184,A SIMPLE STORY. IN FOUR VOLUMES.,"Inchbald, Mrs., 1753-1821",InchMSS,22002,A Simple Story,"Inchbald, Mrs.",76,69
185,A SIMPLE STORY. IN FOUR VOLUMES. By MRS. INCHBALD.,"Inchbald, Mrs., 1753-1821",InchMSS2,,A Simple Story,"Inchbald, Mrs.",76,69
186,A SIMPLE STORY.,"Inchbald, Mrs., 1753-1821",InchMSS3,,A Simple Story,"Inchbald, Mrs.",97,69
187,A SIMPLE STORY.,"Inchbald, Mrs., 1753-1821",InchMSS4,,A Simple Story,"Inchbald, Mrs.",97,69
188,CELESTINA. A NOVEL. IN FOUR VOLUMES.,"Smith, Charlotte Turner, 1749-1806",SmitCCN3,,Peter: A Novel of Which He is Not the Hero,"Smith, Francis Hopkinson",48,10
189,CELESTINA. A NOVEL. IN FOUR VOLUMES.,"Smith, Charlotte Turner, 1749-1806",SmitCCN4,,Peter: A Novel of Which He is Not the Hero,"Smith, Francis Hopkinson",48,10
190,HERMIONE OR THE ORPHAN SISTERS.,"Lennox, Charlotte, ca. 1729-1804",LennCHO2,,Legends of the Northwest,"Gordon, Hanford Lennox",51,12
191,ERMIONE OR THE ORPHAN SISTERS.,"Lennox, Charlotte, ca. 1729-1804",LennCEO,,Legends of the Northwest,"Gordon, Hanford Lennox",52,12
192,HERMIONE OR THE ORPHAN SISTERS.,"Lennox, Charlotte, ca. 1729-1804",LennCHO3,,Legends of the Northwest,"Gordon, Hanford Lennox",51,12
193,CELESTINA. A NOVEL. IN FOUR VOLUMES.,"Smith, Charlotte Turner, 1749-1806",SmitCCN,,Peter: A Novel of Which He is Not the Hero,"Smith, Francis Hopkinson",48,10
194,CELESTINA. A NOVEL. IN FOUR VOLUMES.,"Smith, Charlotte Turner, 1749-1806",SmitCCN2,,Peter: A Novel of Which He is Not the Hero,"Smith, Francis Hopkinson",48,10
195,THE EULOGIES OF HOWARD. A VISION.,"Hayley, William, 1745-1820",HaylWEH2,,The Eulogies of Howard: A Vision,"Hayley, William",96,7
196,HERMIONE OR THE ORPHAN SISTERS.,"Lennox, Charlotte, ca. 1729-1804",LennCHO,,Legends of the Northwest,"Gordon, Hanford Lennox",51,12
197,ANNA ST. IVES: A NOVEL.,"Holcroft, Thomas, 1745-1809",HolcTAS7,9468,Anna St. Ives,"Holcroft, Thomas",72,7
198,ANNA ST. IVES: A NOVEL.,"Holcroft, Thomas, 1745-1809",HolcTAS6,,Anna St. Ives,"Holcroft, Thomas",72,7
199,ANNA ST. IVES: A NOVEL.,"Holcroft, Thomas, 1745-1809",HolcTAS5,,Anna St. Ives,"Holcroft, Thomas",72,7
200,ANNA ST. IVES: A NOVEL.,"Holcroft, Thomas, 1745-1809",HolcTAS4,,Anna St. Ives,"Holcroft, Thomas",72,7
201,ANNA ST. IVES: A NOVEL.,"Holcroft, Thomas, 1745-1809",HolcTAS3,,Anna St. Ives,"Holcroft, Thomas",72,7
202,ANNA ST. IVES: A NOVEL.,"Holcroft, Thomas, 1745-1809",HolcTAS2,,Anna St. Ives,"Holcroft, Thomas",72,7
203,ANNA ST. IVES: A NOVEL.,"Holcroft, Thomas, 1745-1809",HolcTAS,,Anna St. Ives,"Holcroft, Thomas",72,7
204,Man as he is,"Bage, Robert",BageRMA,,"Reflections on the Decline of Science in England, and on Some of Its Causes","Babbage, Charles",34,84
205,THE Romance of the Forest: INTERSPERSED WITH SOME PIECES OF POETRY.,"Radcliffe, Ann Ward, 1764-1823",RadcARF,,The Mysteries of Udolpho,"Radcliffe, Ann Ward",48,667
206,THE Romance of the Forest: INTERSPERSED WITH SOME PIECES OF POETRY.,"Radcliffe, Ann Ward, 1764-1823",RadcARF2,,The Mysteries of Udolpho,"Radcliffe, Ann Ward",48,667
207,HANNAH HEWIT; OR THE FEMALE CRUSOE. BEING THE HISTORY OF A WOMAN OF uncommon mental and personal accomplishments; WHO After a variety of extraordinary and interesting adventures in almost every station of life from splendid prosperity to abject adversity WAS CAST AWAY IN THE GROSVENOR EAST-INDIAMAN: And became for three years the sole inhabitant of AN ISLAND IN THE SOUTH SEAS.,"Dibdin, Charles, 1745-1814",DibdCHH,,"Valentine and Orson, a Romantic Melo-Drame, as Performed at the Theatre-Royal Covent-Garden","Dibdin, Thomas Frognall",38,1
208,HANNAH HEWIT; OR THE FEMALE CRUSOE. BEING THE HISTORY OF A WOMAN OF uncommon mental and personal accomplishments; WHO After a variety of extraordinary and interesting adventures in almost every station of life from splendid prosperity to abject adversity WAS CAST AWAY IN THE GROSVENOR EAST-INDIAMAN: And became for three years the sole inhabitant of AN ISLAND IN THE SOUTH SEAS.,"Dibdin, Charles, 1745-1814",DibdCHH2,,"Valentine and Orson, a Romantic Melo-Drame, as Performed at the Theatre-Royal Covent-Garden","Dibdin, Thomas Frognall",38,1
209,HANNAH HEWIT; OR THE FEMALE CRUSOE. BEING THE HISTORY OF A WOMAN OF uncommon mental and personal accomplishments; WHO After a variety of extraordinary and interesting adventures in almost every station of life from splendid prosperity to abject adversity WAS CAST AWAY IN THE GROSVENOR EAST-INDIAMAN: And became for three years the sole inhabitant of AN ISLAND IN THE SOUTH SEAS.,"Dibdin, Charles, 1745-1814",DibdCHH3,,"Valentine and Orson, a Romantic Melo-Drame, as Performed at the Theatre-Royal Covent-Garden","Dibdin, Thomas Frognall",38,1
210,VILLAGE POLITICS.,"More, Hannah, 1745-1833",MoreHVP,,Jupiter Lights,"Woolson, Constance Fenimore",45,3
211,Old manor house,"Smith, Charlotte Turner",SmitCOM,,The Man Outside,"Smith, Evelyn E.",60,26
212,THE YOUNGER BROTHER: A NOVEL IN THREE VOLUMES,"Dibdin, Charles, 1745-1814",DibdCYB3,,"Valentine and Orson, a Romantic Melo-Drame, as Performed at the Theatre-Royal Covent-Garden","Dibdin, Thomas Frognall",37,1
213,THE YOUNGER BROTHER: A NOVEL IN THREE VOLUMES,"Dibdin, Charles, 1745-1814",DibdCYB2,,"Valentine and Orson, a Romantic Melo-Drame, as Performed at the Theatre-Royal Covent-Garden","Dibdin, Thomas Frognall",37,1
214,THE YOUNGER BROTHER: A NOVEL IN THREE VOLUMES,"Dibdin, Charles, 1745-1814",DibdCYB,,"Valentine and Orson, a Romantic Melo-Drame, as Performed at the Theatre-Royal Covent-Garden","Dibdin, Thomas Frognall",37,1
215,LIFE; OR THE ADVENTURES OF WILLIAM RAMBLE ESQ.,"Trusler, John, 1735-1820",TrusJLO3,,"The Works of William Hogarth: In a Series of Engravings: With Descriptions, and a Comment on Their Moral Tendency","Trusler, John",33,110
216,LIFE; OR THE ADVENTURES OF WILLIAM RAMBLE ESQ.,"Trusler, John, 1735-1820",TrusJLO2,,"The Works of William Hogarth: In a Series of Engravings: With Descriptions, and a Comment on Their Moral Tendency","Trusler, John",33,110
217,LIFE; OR THE ADVENTURES OF WILLIAM RAMBLE ESQ. WITH THREE FRONTISPIECES DESIGNED BY IBBETSON HIGHLY ENGRAVED AND TWO NEW and BEAUTIFUL SONGS WITH THE MUSIC BY PLEYEL AND STERKEL.,"Trusler, John, 1735-1820",TrusJLO,,"The Works of William Hogarth: In a Series of Engravings: With Descriptions, and a Comment on Their Moral Tendency","Trusler, John",33,110
218,THE ADVENTURES OF HUGH TREVOR. BY THOMAS HOLCROFT.,"Holcroft, Thomas, 1745-1809",HolcTAH,9811,The Adventures of Hugh Trevor,"Holcroft, Thomas",98,4
219,THE MYSTERIES of UDOLPHO A ROMANCE; INTERSPERSED WITH SOME PIECES OF POETRY.,"Radcliffe, Ann Ward, 1764-1823",RadcAMU2,3268,The Mysteries of Udolpho,"Radcliffe, Ann Ward",96,667
220,THE ADVENTURES OF HUGH TREVOR. BY THOMAS HOLCROFT.,"Holcroft, Thomas, 1745-1809",HolcTAH3,,The Adventures of Hugh Trevor,"Holcroft, Thomas",98,4
221,THE ADVENTURES OF HUGH TREVOR. BY THOMAS HOLCROFT.,"Holcroft, Thomas, 1745-1809",HolcTAH5,,The Adventures of Hugh Trevor,"Holcroft, Thomas",98,4
222,THE CONFESSIONS OF JAMES BAPTISTE COUTEAU CITIZEN OF FRANCE WRITTEN BY HIMSELF: AND TRANSLATED FROM THE ORIGINAL FRENCH By ROBERT JEPHSON Esq. ILLUSTRATED WITH NINE ENGRAVINGS.,"Jephson, Robert, 1736-1803",JephRCJ2,,The Sanitary Evolution of London,"Jephson, Henry (Henry Lorenzo)",40,13
223,THE ADVENTURES OF HUGH TREVOR. BY THOMAS HOLCROFT.,"Holcroft, Thomas, 1745-1809",HolcTAH2,,The Adventures of Hugh Trevor,"Holcroft, Thomas",98,4
224,THE ADVENTURES OF HUGH TREVOR. BY THOMAS HOLCROFT.,"Holcroft, Thomas, 1745-1809",HolcTAH4,,The Adventures of Hugh Trevor,"Holcroft, Thomas",98,4
225,THE CONFESSIONS OF JAMES BAPTISTE COUTEAU CITIZEN OF FRANCE WRITTEN BY HIMSELF: AND TRANSLATED FROM THE ORIGINAL FRENCH By ROBERT JEPHSON Esq. ILLUSTRATED WITH NINE ENGRAVINGS.,"Jephson, Robert, 1736-1803",JephRCJ,,The Sanitary Evolution of London,"Jephson, Henry (Henry Lorenzo)",40,13
226,Things as they are,"Godwin, William",GodwWTA,,The History of the Negro Church,"Woodson, Carter Godwin",52,40
227,THE ADVENTURES OF HUGH TREVOR.,"Holcroft, Thomas, 1745-1809",HolcTAH6,,The Adventures of Hugh Trevor,"Holcroft, Thomas",98,4
228,THE MYSTERIES OF UDOLPHO A ROMANCE; INTERSPERSED WITH SOME PIECES OF POETRY.,"Radcliffe, Ann Ward, 1764-1823",RadcAMU,,The Mysteries of Udolpho,"Radcliffe, Ann Ward",96,667
229,HENRY; IN FOUR VOLUMES.,"Cumberland, Richard, 1732-1811",CumbRHI,,A Century of Sail and Steam on the Niagara River,"Cumberland, Barlow",36,16
230,HENRY; IN FOUR VOLUMES.,"Cumberland, Richard, 1732-1811",CumbRHI3,,A Century of Sail and Steam on the Niagara River,"Cumberland, Barlow",36,16
231,HENRY; IN FOUR VOLUMES.,"Cumberland, Richard, 1732-1811",CumbRHI2,,A Century of Sail and Steam on the Niagara River,"Cumberland, Barlow",36,16
232,Cheap Repository.,"More, Hannah, 1745-1833",MoreHCR24,,The Rosie World,"Fillmore, Parker",56,8
233,CHEAP REPOSITORY.,"More, Hannah, 1745-1833",MoreHCR42,,The Rosie World,"Fillmore, Parker",56,8
234,HENRY; IN FOUR VOLUMES.,"Cumberland, Richard, 1732-1811",CumbRHI4,,A Century of Sail and Steam on the Niagara River,"Cumberland, Barlow",36,16
235,CHEAP REPOSITORY. BETTY BROWN THE St. GILES'S ORANGE GIRL: WITH Some Account of Mrs. SPONGE the Money-lender.,"More, Hannah, 1745-1833",MoreHCR26,,"The Front Yard, and Other Italian Stories","Woolson, Constance Fenimore",48,6
236,Secresy,"Fenwick, E.",FenwES,43529,"Secresy; or, Ruin on the Rock","Fenwick, E. (Eliza)",45,21
237,CHEAP REPOSITORY: THE Shepherd of Salisbury-Plain. PART I.,"More, Hannah, 1745-1833",MoreHCR14,,"Charlemont; Or, The Pride of the Village. a Tale of Kentucky","Simms, William Gilmore",66,8
238,"CHEAP REPOSITORY. LIFE of WILLIAM BAKER, WITH HIS Funeral Sermon, By the Rev. Mr. GILPIN.","Gilpin, William, 1724-1804",GilpWCR,,The Little Cryptogram: A Literal Application to the Play of Hamlet of the Cipher System of Mr. Ignatius Donnelly.,"Pyle, Joseph Gilpin",40,6
239,"CHEAP REPOSITORY: THE HISTORY OF TOM WHITE, THE POSTILION.","More, Hannah, 1745-1833",MoreHCR10,,Notes on the History of Argentine Independence,"Whittemore, C. W.",65,1
240,CHEAP REPOSITORY. THE HISTORY OF HESTER WILMOT: OR THE NEW GOWN. PART. II. Being a Continuation of the SUNDAY SCHOOL.,"More, Hannah, 1745-1833",MoreHCR41,,Notes on the History of Argentine Independence,"Whittemore, C. W.",65,1
241,Memoirs of Emma Courtney,"Hays, Mary",HaysMME,41256,Memoirs of Emma Courtney,"Hays, Mary",100,96
242,Cheap Repository. The Sunday School.,"More, Hannah, 1745-1833",MoreHCR37,,"Charlemont; Or, The Pride of the Village. a Tale of Kentucky","Simms, William Gilmore",53,8
243,CHEAP REPOSITORY. TAWNY RACHEL OR The FORTUNE TELLER; With some Account of Dreams Omens and Conjurers.,"More, Hannah, 1745-1833",MoreHCR16,,"Charlemont; Or, The Pride of the Village. a Tale of Kentucky","Simms, William Gilmore",52,8
244,CHEAP REPOSITORY. SUNDAY READING. THE PILGRIMS. AN ALLEGORY.,"More, Hannah, 1745-1833",MoreHCR34,,"The Redskins; or, Indian and Injin, Volume 1.: Being the Conclusion of the Littlepage Manuscripts","Cooper, James Fenimore",49,10
245,CHEAP REPOSITORY. Sunday Reading. THE HISTORY OF THE TWO WEALTHY FARMERS. PART IV.,"More, Hannah, 1745-1833",MoreHCR33,,"The Redskins; or, Indian and Injin, Volume 1.: Being the Conclusion of the Littlepage Manuscripts","Cooper, James Fenimore",49,10
246,CHEAP REPOSITORY. Sunday Reading. THE HISTORY OF THE TWO WEALTHY FARMERS. PART IV.,"More, Hannah, 1745-1833",MoreHCR33,,"The Redskins; or, Indian and Injin, Volume 1.: Being the Conclusion of the Littlepage Manuscripts","Cooper, James Fenimore",49,10
247,CHEAP REPOSITORY: SUNDAY READING. ON CARRYING RELIGION INTO THE Common Business of Life.,"More, Hannah, 1745-1833",MoreHCR15,,"The Redskins; or, Indian and Injin, Volume 1.: Being the Conclusion of the Littlepage Manuscripts","Cooper, James Fenimore",50,10
248,CHEAP REPOSITORY.,"More, Hannah, 1745-1833",MoreHCR21,,The Rosie World,"Fillmore, Parker",56,8
249,CHEAP REPOSITORY. JACK BROWN in Prison; OR The PITCHER never goes so often to the Well but it is broke at last. Being the FOURTH PART of the HISTORY of the TWO SHOEMAKERS.,"More, Hannah, 1745-1833",MoreHCR27,,"The Remarkable History of Sir Thomas Upmore, bart., M.P., formerly known as ""Tommy Upmore""","Blackmore, R. D. (Richard Doddridge)",47,15
250,CHEAP REPOSITORY. BLACK GILES the Poacher. WITH THE History of Widow Brown's Apple-Tree. PART II.,"More, Hannah, 1745-1833",MoreHCR40,,"Mercedes of Castile; Or, The Voyage to Cathay","Cooper, James Fenimore",46,16
251,CHEAP REPOSITORY. BLACK GILES the Poacher; With some Account of a Family who had rather live by their Wits that their Work.,"More, Hannah, 1745-1833",MoreHCR25,,"Mercedes of Castile; Or, The Voyage to Cathay","Cooper, James Fenimore",46,16
252,"CHEAP REPOSITORY. SUNDAY READING. The Servant Man turned Soldier; OR, The Fair Weather Christian","More, Hannah, 1745-1833",MoreHCR35,,"The Redskins; or, Indian and Injin, Volume 1.: Being the Conclusion of the Littlepage Manuscripts","Cooper, James Fenimore",49,10
253,CHEAP REPOSITORY.,"More, Hannah, 1745-1833",MoreHCR30,,The Rosie World,"Fillmore, Parker",56,8
254,THE MONK: A ROMANCE.,"Lewis, M. G. (Matthew Gregory), 1775-1818",LewiMMR2,601,The Monk: A Romance,"Lewis, M. G. (Matthew Gregory)",97,1566
255,THE MONK: A ROMANCE.,"Lewis, M. G. (Matthew Gregory), 1775-1818",LewiMMR,,The Monk: A Romance,"Lewis, M. G. (Matthew Gregory)",97,1566
256,THE MONK: A ROMANCE.,"Lewis, M. G. (Matthew Gregory), 1775-1818",LewiMMR3,,The Monk: A Romance,"Lewis, M. G. (Matthew Gregory)",97,1566
257,CHEAP REPOSITORY.,"More, Hannah, 1745-1833",MoreHCR29,,The Rosie World,"Fillmore, Parker",56,8
258,CHEAP REPOSITORY. THE HISTORY OF CHARLES JONES The FOOTMAN. WRITTEN by HIMSELF.,"More, Hannah, 1745-1833",MoreHCR28,,Notes on the History of Argentine Independence,"Whittemore, C. W.",65,1
259,"CHEAP REPOSITORY. SUNDAY READING. THE Strait Gate and the Broad Way, Being the SECOND PART of the VALLEY of TEARS.","More, Hannah, 1745-1833",MoreHCR36,,"The Redskins; or, Indian and Injin, Volume 1.: Being the Conclusion of the Littlepage Manuscripts","Cooper, James Fenimore",49,10
260,CHEAP REPOSITORY.,"More, Hannah, 1745-1833",MoreHCR3,,The Rosie World,"Fillmore, Parker",56,8
261,"CHEAP REPOSITORY: THE WAY TO PLENTY; OR, THE SECOND PART of TOM WHITE.","More, Hannah, 1745-1833",MoreHCR39,,"Charlemont; Or, The Pride of the Village. a Tale of Kentucky","Simms, William Gilmore",57,8
262,NATURE AND ART.,"Inchbald, Mrs., 1753-1821",InchMNA,,Nature and Art,"Inchbald, Mrs.",97,7
263,Hermsprong,"Bage, Robert",BageRH,,The English Constitution,"Bagehot, Walter",29,209
264,Camilla,"Burney, Fanny",BurnFC,40619,"Camilla; or, A Picture of Youth","Burney, Fanny",44,50
265,FAMILY SECRETS LITERARY AND DOMESTICK.,"Pratt, Mr. (Samuel Jackson), 1749-1814",PratMFS4,,"The Preliminaries, and Other Stories","Comer, Cornelia A. P. (Cornelia Atwood Pratt)",46,8
266,THE ITALIAN OR THE CONFESSIONAL of the BLACK PENITENTS. A ROMANCE.,"Radcliffe, Ann Ward, 1764-1823",RadcAIO,,A Sicilian Romance,"Radcliffe, Ann Ward",45,119
267,FAMILY SECRETS LITERARY AND DOMESTIC. BY MR. PRATT. IN FIVE VOLUMES. VOL. I.,"Pratt, Mr. (Samuel Jackson), 1749-1814",PratMFS,,"The Preliminaries, and Other Stories","Comer, Cornelia A. P. (Cornelia Atwood Pratt)",47,8
268,FAMILY SECRETS LITERARY AND DOMESTICK.,"Pratt, Mr. (Samuel Jackson), 1749-1814",PratMFS3,,"The Preliminaries, and Other Stories","Comer, Cornelia A. P. (Cornelia Atwood Pratt)",46,8
269,VAURIEN: OR SKETCHES OF THE TIMES: EXHIBITING VIEWS OF THE PHILOSOPHIES RELIGIONS POLITICS LITERATURE AND MANNERS OF THE AGE.,"Disraeli, Isaac, 1766-1848",DisrIVO,,Alroy: The Prince of the Captivity,"Disraeli, Benjamin, Earl of Beaconsfield",55,34
270,THE HISTORY OF SIR GEORGE WARRINGTON; OR THE POLITICAL QUIXOTE.,"Lennox, Charlotte, ca. 1729-1804",LennCHS3,,The Feast of the Virgins and Other Poems,"Gordon, Hanford Lennox",53,3
271,THE HISTORY OF SIR GEORGE WARRINGTON; OR THE POLITICAL QUIXOTE.,"Lennox, Charlotte, ca. 1729-1804",LennCHS2,,The Feast of the Virgins and Other Poems,"Gordon, Hanford Lennox",53,3
272,THE HISTORY OF SIR GEORGE WARRINGTON; OR THE POLITICAL QUIXOTE.,"Lennox, Charlotte, ca. 1729-1804",LennCHS,,The Feast of the Virgins and Other Poems,"Gordon, Hanford Lennox",53,3
273,FAMILY SECRETS LITERARY AND DOMESTICK.,"Pratt, Mr. (Samuel Jackson), 1749-1814",PratMFS2,,"The Preliminaries, and Other Stories","Comer, Cornelia A. P. (Cornelia Atwood Pratt)",46,8
274,Walsingham,"Robinson, Mary",RobiMW,,Merlin: A Poem,"Robinson, Edwin Arlington",42,18
275,"CHEAP REPOSITORY: THE HISTORY OF MR. FANTOM, THE New fashioned PHILOSOPHER and his Man WILLIAM.","More, Hannah, 1745-1833",MoreHCR9,,Notes on the History of Argentine Independence,"Whittemore, C. W.",65,1
276,CHEAP REPOSITORY.,"More, Hannah, 1745-1833",MoreHCR6,,The Rosie World,"Fillmore, Parker",56,8
277,PITY's GIFT: A COLLECTION OF INTERESTING TALES TO EXCITE THE COMPASSION OF YOUTH FOR THE ANIMAL CREATION.,"Pratt, Mr. (Samuel Jackson), 1749-1814",PratMPG,,Key to the Science of Theology,"Pratt, Parley P. (Parley Parker)",45,83
278,WIELAND; OR THE TRANSFORMATION.,"Brown, Charles Brockden, 1771-1810",BrowCWO,792,"Wieland; Or, The Transformation: An American Tale","Brown, Charles Brockden",91,327
279,MORAL CONTRASTS: OR THE POWER OF RELIGION EXEMPLIFIED UNDER DIFFERENT CHARACTERS.,"Gilpin, William, 1724-1804",GilpWMC,,Wrestling and Wrestlers: Biographical Sketches of Celebrated Athletes of the Northern Ring; to Which is Added Notes on Bull and Badger Baiting,"Gilpin, Sidney",43,22
280,Wrongs of woman,"Wollstonecraft, Mary",WollMWW,,"Maria; Or, The Wrongs of Woman","Wollstonecraft, Mary",46,295
281,St. Leon,"Godwin, William",GodwWSL,53707,St. Leon: A Tale of the Sixteenth Century,"Godwin, William",59,18
282,Victim of prejudice,"Hays, Mary",HaysMVP,,The Making of Arguments,"Gardiner, J. H. (John Hays)",43,21
283,"Cheap Repository. THE TWO WEALTHY FARMERS, OR, THE HISTORY OF Mr. BRAGWELL.","More, Hannah, 1745-1833",MoreHCR43,,The Rosie World,"Fillmore, Parker",50,8
284,ARTHUR MERVYN; OR MEMOIRS OF THE YEAR 1793.,"Brown, Charles Brockden, 1771-1810",BrowCAM,18508,"Arthur Mervyn; Or, Memoirs of the Year 1793","Brown, Charles Brockden",98,31
285,CHEAP REPOSITORY.,"More, Hannah, 1745-1833",MoreHCR,,The Rosie World,"Fillmore, Parker",56,8
286,ROMANCES,"Disraeli, Isaac, 1766-1848",DisrIR,,Alroy: Romani,"Disraeli, Benjamin, Earl of Beaconsfield",48,5
287,Memoirs of Modern Philosophers (Volume 3/3),"Hamilton, Elizabeth",HamiEF3,,"The Mentor: American Pioneer Prose Writers,: Vol. 4, Num. 6, Serial No. 106, May 1, 1916","Mabie, Hamilton Wright",50,9
288,Memoirs of Modern Philosophers (Volume 1/3),"Hamilton, Elizabeth",HamiEF,,"The Mentor: American Pioneer Prose Writers,: Vol. 4, Num. 6, Serial No. 106, May 1, 1916","Mabie, Hamilton Wright",50,9
289,Castle Rackrent,"Edgeworth, Maria",EdgeMCR,1424,Castle Rackrent,"Edgeworth, Maria",100,259
290,Memoirs of Modern Philosophers (Volume 2/3),"Hamilton, Elizabeth",HamiEF2,,"The Mentor: American Pioneer Prose Writers,: Vol. 4, Num. 6, Serial No. 106, May 1, 1916","Mabie, Hamilton Wright",50,9
291,Mordaunt,"Moore, John",MoorJM,,Modern Painting,"Moore, George Augustus",52,58
292,ORMOND; OR THE SECRET WITNESS.,"Brown, Charles Brockden, 1771-1810",BrowCOO,36289,"Ormond; Or, The Secret Witness. Volume 1 (of 3)","Brown, Charles Brockden",98,22
293,Tales of Wonder (Volume 1/2),"Lewis, Matthew",LewiMM,,"Farmer George, Volume 1","Melville, Lewis",55,8
294,Belinda,"Edgeworth, Maria",EdgeMB,,Leonora,"Edgeworth, Maria",43,22
295,Tales of Wonder (Volume 2/2),"Lewis, Matthew",LewiMM2,,"Farmer George, Volume 2","Melville, Lewis",55,5
296,Adeline Mowbray,"Opie, Amelia Alderson",OpieAAM,37908,"Adeline Mowbray; or, The Mother and Daughter","Opie, Amelia",65,29
297,Fleetwood,"Godwin, William",GodwWF,,The Helpful Hand of God,"Godwin, Tom",31,27
298,Zofloya,"Dacre, Charlotte",DacrCZ,45787,"Zofloya, ou le Maure, Histoire du XVe si?cle","Dacre, Charlotte",38,14
299,Leonora (Volume 1/2),"Edgeworth, Maria",EdgeMF,35638,Leonora,"Edgeworth, Maria",52,22
300,Leonora (Volume 2/2),"Edgeworth, Maria",EdgeMF2,,Leonora,"Edgeworth, Maria",52,22
301,"Fatal revenge; or, The family of Montorio. : A romance. (Volume 2/3)","Maturin, Charles Robert",MatuCM2,,"The Sea-Witch; Or, The African Quadroon: A Story of the Slave Coast","Ballou, Maturin Murray",51,24
302,"Fatal revenge; or, The family of Montorio. : A romance. (Volume 3/3)","Maturin, Charles Robert",MatuCM3,,"The Sea-Witch; Or, The African Quadroon: A Story of the Slave Coast","Ballou, Maturin Murray",51,24
303,"Fatal revenge; or, The family of Montorio. : A romance. (Volume 1/3)","Maturin, Charles Robert",MatuCM,,"The Sea-Witch; Or, The African Quadroon: A Story of the Slave Coast","Ballou, Maturin Murray",51,24
304,Wild Irish girl,"Morgan, Lady (Sydney)",MorgLWI,54683,The Wild Irish Girl: A National Tale,"Morgan, Lady (Sydney)",81,1088
305,Ennui,"Edgeworth, Maria",EdgeME,,Leonora,"Edgeworth, Maria",33,22
306,Coelebs in search of a wife,"More, Hannah",MoreHCI,31879,Coelebs In Search of a Wife,"More, Hannah",100,20
307,Zastrozzi,"Shelley, Percy Bysshe",ShelPZ,,Frankenstein,"Shelley, Mary Wollstonecraft",38,95
308,Lady Susan,"Austen, Jane",AustJLS,946,Lady Susan,"Austen, Jane",100,791
309,Sanditon,"Austen, Jane",AustJS,,Persuasion,"Austen, Jane",56,2871
310,The Watsons,"Austen, Jane",AustJW,,Persuasion,"Austen, Jane",48,2871
311,Scottish chiefs,"Porter, Jane",PortJSC,6086,The Scottish Chiefs,"Porter, Jane",88,46
312,St. Irvyne,"Shelley, Percy Bysshe",ShelPSI,,The Last Man,"Shelley, Mary Wollstonecraft",36,381
313,Self-control,"Brunton, Mary",BrunMS,41196,Self-control: A Novel,"Brunton, Mary",73,32
314,Sense and sensibility,"Austen, Jane",AustJSS,161,Sense and Sensibility,"Austen, Jane",100,5608
315,The absentee,"Edgeworth, Maria",EdgeMA,1473,The Absentee,"Edgeworth, Maria",100,70
316,Pride and prejudice,"Austen, Jane",AustJPP,1342,Pride and Prejudice,"Austen, Jane",100,44776
317,The Heroine,"Barrett, Eaton Stannard",BarrEH,43065,The Heroine,"Barrett, Eaton Stannard",100,19
318,Patronage,"Edgeworth, Maria",EdgeMP,,Castle Rackrent,"Edgeworth, Maria",42,259
319,The wanderer,"Burney, Fanny",BurnFW,,The Diary and Letters of Madame D'Arblay ? Volume 1,"Burney, Fanny",56,124
320,Waverley,"Scott, Walter, Sir",ScotWW,45697,Waverley,"Scott, Walter",100,2
321,Mansfield Park,"Austen, Jane",AustJMP,141,Mansfield Park,"Austen, Jane",100,3052
322,Guy Mannering,"Scott, Walter, Sir",ScotWGM,2590,Guy Mannering,"Scott, Walter",100,36
323,Black dwarf,"Scott, Walter, Sir",ScotWBD,1460,The Black Dwarf,"Scott, Walter",85,99
324,Emma,"Austen, Jane",AustJE,158,Emma,"Austen, Jane",100,8357
325,Glenarvon,"Lamb, Caroline, Lady",LambCG,,"Het Geuldal: De Aarde en haar Volken, 1907","Lamberts Hurrelbrinck, L. H. J.",36,5
326,Antiquary,"Scott, Walter, Sir",ScotWA,7005,The Antiquary ? Complete,"Scott, Walter",55,145
327,Old mortality,"Scott, Walter, Sir",ScotWOM,6941,"Old Mortality, Complete","Scott, Walter",72,101
328,"Vathek, an Arabian tale","Beckford, William",BeckWVA,42401,Vathek; An Arabian Tale,"Beckford, William",96,98
329,Rob Roy,"Scott, Walter, Sir",ScotWRR,16828,Rob-Roy,"Scott, Walter",86,10
330,"The knight of St. John, a romance (Vol. 2/3)","Porter, Anna Maria",PortAKS2,,The Song of the Cardinal,"Stratton-Porter, Gene",55,35
331,"The knight of St. John, a romance (Vol. 3/3)","Porter, Anna Maria",PortAKS3,,The Song of the Cardinal,"Stratton-Porter, Gene",55,35
332,Ormond,"Edgeworth, Maria",EdgeMO,,Leonora,"Edgeworth, Maria",31,22
333,"The knight of St. John, a romance (Vol. 1/3)","Porter, Anna Maria",PortAKS1,,The Song of the Cardinal,"Stratton-Porter, Gene",55,35
334,Mandeville : a tale of the seventeenth century (Vol. 1/3),"Godwin, William",GodwWM2,,St. Leon: A Tale of the Sixteenth Century,"Godwin, William",63,18
335,Mandeville : a tale of the seventeenth century (Vol. 2/3),"Godwin, William",GodwWM3,,St. Leon: A Tale of the Sixteenth Century,"Godwin, William",63,18
336,Mandeville : a tale of the seventeenth century (Vol. 3/3),"Godwin, William",GodwWM4,,St. Leon: A Tale of the Sixteenth Century,"Godwin, William",63,18
337,Northanger Abbey,"Austen, Jane",AustJNA,121,Northanger Abbey,"Austen, Jane",100,2443
338,Marriage,"Ferrier, Susan",FerrSM,12669,Marriage,"Ferrier, Susan",100,32
339,Heart of Mid-Lothian,"Scott, Walter, Sir",ScotWHM,6942,"The Heart of Mid-Lothian, Volume 1","Scott, Walter",77,13
340,Nightmare Abbey,"Peacock, Thomas Love",PeacTNA,9909,Nightmare Abbey,"Peacock, Thomas Love",100,149
341,Frankenstein,"Shelley, Mary Wollstonecraft",ShelMF,6542,Frankenstein,"Shelley, Mary Wollstonecraft",100,95
342,Persuasion,"Austen, Jane",AustJP,105,Persuasion,"Austen, Jane",100,2871
343,A legend of Montrose,"Scott, Walter, Sir",ScotWLM,1461,A Legend of Montrose,"Scott, Walter",100,58
344,Ivanhoe,"Scott, Walter, Sir",ScotWI,26564,Ivanhoe,"Scott, Walter",100,101
345,Bride of Lammermoor,"Scott, Walter, Sir",ScotWBL,471,The Bride of Lammermoor,"Scott, Walter",90,299
346,The vampyre : a tale,"Polidori, John William",PoliJVT,6087,The Vampyre; a Tale,"Polidori, John William",92,1171
347,Melmoth the wanderer,"Maturin, Charles Robert",MatuCMW,53685;53686;53687;53688,Melmoth the Wanderer Vol 2 (of 4),"Maturin, Charles Robert",87,38
348,The Abbot (Vol. 2/3),"Scott, Walter, Sir",ScotWTA2,6407,The Abbot,"Scott, Walter",62,60
349,The Abbot (Vol. 3/3),"Scott, Walter, Sir",ScotWTA3,,The Abbot,"Scott, Walter",62,60
350,The Abbot (Vol. 1/3),"Scott, Walter, Sir",ScotWTA,,The Abbot,"Scott, Walter",62,60
351,Annals of the parish,"Galt, John",GaltJAP,1310,"The Annals of the Parish: Or, the Chronicle of Dalmailing During the Ministry of the Rev. Micah Balwhidder","Galt, John",89,20
352,Kenilworth,"Scott, Walter, Sir",ScotWK,1606,Kenilworth,"Scott, Walter",100,90
353,The Ayrshire legatees,"Galt, John",GaltJAL,1384,"The Ayrshire Legatees; Or, The Pringle Family","Galt, John",82,11
354,"Real Life In London, Volumes I. and II. Or, The Rambles And Adventures Of Bob Tallyho, Esq., And His Cousin, The Hon. Tom Dashall, Through The Metropolis; Exhibiting A Living Picture Of Fashionable Characters, Manners, And Amusements In High And Low Life (1821)","Badcock, John",BadcJRL,20484,"Real Life In London, Volumes I. and II.: Or, The Rambles and Adventures of Bob Tallyho, Esq., and His Cousin, the Hon. Tom Dashall, Through the Metropolis; Exhibiting a Living Picture of Fashionable Characters, Manners, and Amusements in High and Low Life (1821)","Badcock, John, active 1816-1830",100,610
355,"Life in London : or, The day and night scenes of Jerry Hawthorne, esq. and his elegant friend Corinthian Tom in their rambles and sprees through the metropolis","Egan, Pierce",EganPLI,15230,Miss Mink's Soldier and Other Stories,"Rice, Alice Caldwell Hegan",45,7
356,"Bracebridge Hall, or, The humorists : a medley (Vol. 1/2)","Irving, Washington",IrviWBH,13515,"Bracebridge Hall, or The Humorists","Irving, Washington",99,25
357,The provost,"Galt, John",GaltJP,1296,The Provost,"Galt, John",100,5
358,"Bracebridge Hall, or, The humorists : a medley (Vol. 2/2)","Irving, Washington",IrviWBH2,13515,"Bracebridge Hall, or The Humorists","Irving, Washington",99,25
359,The spaewife; a tale of the Scottish chronicles (Vol. 2/3),"Galt, John",GaltJST2,14681,"The Art of Travel; Or, Shifts and Contrivances Available in Wild Countries","Galton, Francis",53,51
360,Quentin Durward,"Scott, Walter, Sir",ScotWQD,7853,Quentin Durward,"Scott, Walter",100,104
361,Valperga,"Shelley, Mary Wollstonecraft",ShelMV,15238,Mathilda,"Shelley, Mary Wollstonecraft",38,244
362,The spaewife; a tale of the Scottish chronicles (Vol. 1/3),"Galt, John",GaltJST,14681,"The Art of Travel; Or, Shifts and Contrivances Available in Wild Countries","Galton, Francis",53,51
363,The entail,"Galt, John",GaltJE,44573,"The Entail; or, The Lairds of Grippy","Galt, John",56,14
364,The spaewife; a tale of the Scottish chronicles (Vol. 3/3),"Galt, John",GaltJST3,14681,"The Art of Travel; Or, Shifts and Contrivances Available in Wild Countries","Galton, Francis",53,51
365,St. Ronan's well,"Scott, Walter, Sir",ScotWSR,20749,St. Ronan's Well,"Scott, Walter",100,46
366,Confessions of a justified sinner,"Hogg, James",HoggJCJ,40955,"The Brownie of Bodsbeck, and Other Tales (Vol. 1 of 2)","Hogg, James",36,18
367,Redgauntlet,"Scott, Walter, Sir",ScotWR,2516,Redgauntlet: A Tale Of The Eighteenth Century,"Scott, Walter",59,77
368,Harry and Lucy concluded : being the last part of early lessons (Vol. 1/4),"Edgeworth, Maria",EdgeMHL,9455,Tales and Novels ? Volume 03: Belinda,"Edgeworth, Maria",47,54
369,Harry and Lucy concluded : being the last part of early lessons (Vol. 2/4),"Edgeworth, Maria",EdgeMHL2,9455,Tales and Novels ? Volume 03: Belinda,"Edgeworth, Maria",47,54
370,Harry and Lucy concluded : being the last part of early lessons (Vol. 3/4),"Edgeworth, Maria",EdgeMHL3,9455,Tales and Novels ? Volume 03: Belinda,"Edgeworth, Maria",47,54
371,Harry and Lucy concluded : being the last part of early lessons (Vol. 4/4),"Edgeworth, Maria",EdgeMHL4,9455,Tales and Novels ? Volume 03: Belinda,"Edgeworth, Maria",47,54
372,Vivian Grey,"Disraeli, Benjamin",DisrBVG,9840,Vivian Grey,"Disraeli, Benjamin, Earl of Beaconsfield",100,29
373,Last Man,"Shelley, Mary Wollstonecraft",ShelMLM,18247,The Last Man,"Shelley, Mary Wollstonecraft",80,381
374,"Woodstock : or, The cavalier; A tale of the year sixteen hundred and fifty-one (Vol. 1/3)","Scott, Walter, Sir",ScotWWC,9785,"Woodstock; or, the Cavalier","Scott, Walter",93,49
375,"Woodstock : or, The cavalier; A tale of the year sixteen hundred and fifty-one (Vol. 2/3)","Scott, Walter, Sir",ScotWWC2,9785,"Woodstock; or, the Cavalier","Scott, Walter",93,49
376,"Woodstock : or, The cavalier; A tale of the year sixteen hundred and fifty-one (Vol. 3/3)","Scott, Walter, Sir",ScotWWC3,9785,"Woodstock; or, the Cavalier","Scott, Walter",93,49
377,Chronicles of the Canongate. Second series (Vol. 1/3),"Scott, Walter, Sir",ScotWCC,1828,"Chronicles of the Canongate, 1st Series","Scott, Walter",87,41
378,Chronicles of the Canongate. Second series (Vol. 2/3),"Scott, Walter, Sir",ScotWCC2,1828,"Chronicles of the Canongate, 1st Series","Scott, Walter",87,41
379,Pelham,"Lytton, Edward Bulwer Lytton",LyttEP,7623,Pelham ? Complete,"Lytton, Edward Bulwer Lytton, Baron",52,25
380,Chronicles of the Canongate. Second series (Vol. 3/3),"Scott, Walter, Sir",ScotWCC3,1828,"Chronicles of the Canongate, 1st Series","Scott, Walter",87,41
381,Fortunes of Perkin Warbeck,"Shelley, Mary Wollstonecraft",ShelMFP,5428,A Defence of Poetry and Other Essays,"Shelley, Percy Bysshe",49,409
382,"Destiny; or, The chief's daughter (Vol. 3/3)","Ferrier, Susan Edmonstone",FerrSDO3,22023,"The Scottish Reformation: Its Epochs, Episodes, Leaders, and Distinctive Characteristics","Mitchell, Alexander F. (Alexander Ferrier)",37,14
383,Crotchet Castle,"Peacock, Thomas Love",PeacTCC,2075,Crotchet Castle,"Peacock, Thomas Love",100,33
384,St. Leon : a tale of the sixteenth century,"Godwin, William",GodwWSL2,53707,St. Leon: A Tale of the Sixteenth Century,"Godwin, William",89,18
385,Frankenstein (revised),"Shelley, Mary Wollstonecraft",ShelMFR,6542,Frankenstein,"Shelley, Mary Wollstonecraft",71,95
386,"Destiny; or, The chief's daughter (Vol. 2/3)","Ferrier, Susan Edmonstone",FerrSDO2,22023,"The Scottish Reformation: Its Epochs, Episodes, Leaders, and Distinctive Characteristics","Mitchell, Alexander F. (Alexander Ferrier)",37,14
387,The bravo : a tale (Vol. 1/2),"Cooper, James Fenimore",CoopJBT,10363,The Bravo: A Tale,"Cooper, James Fenimore",97,18
388,"Destiny; or, The chief's daughter (Vol. 1/3)","Ferrier, Susan Edmonstone",FerrSDO,22023,"The Scottish Reformation: Its Epochs, Episodes, Leaders, and Distinctive Characteristics","Mitchell, Alexander F. (Alexander Ferrier)",37,14
389,The bravo : a tale (Vol. 2/2),"Cooper, James Fenimore",CoopJBT2,10363,The Bravo: A Tale,"Cooper, James Fenimore",97,18
390,Klosterheim; or The Masque,"De Quincey, Thomas",DequTKM,13343,The Rim of the Desert,"Anderson, Ada Woodruff",60,10
391,Eugene Aram,"Lytton, Edward Bulwer Lytton",LyttEEA,7614,Eugene Aram ? Complete,"Lytton, Edward Bulwer Lytton, Baron",67,22
392,Rookwood (Vol. 2/3),"Ainsworth, William Harrison",AinsWRR2,23564,Rookwood,"Ainsworth, William Harrison",59,27
393,The last days of Pompeii (Vol. 1/3),"Lytton, Edward Bulwer Lytton, Baron",LyttELD,1565,The Last Days of Pompeii,"Lytton, Edward Bulwer Lytton, Baron",100,198
394,Rookwood (Vol. 3/3),"Ainsworth, William Harrison",AinsWRR3,23564,Rookwood,"Ainsworth, William Harrison",59,27
395,The last days of Pompeii (Vol. 2/3),"Lytton, Edward Bulwer Lytton, Baron",LyttELD2,1565,The Last Days of Pompeii,"Lytton, Edward Bulwer Lytton, Baron",100,198
396,Peter Simple,"Marryat, Frederick",MarrFPS,21577,Peter Simple,"Marryat, Frederick",100,52
397,"The doctor, &c (Vol. 1/2)","Southey, Robert",SoutRD,947,"The Life of Horatio, Lord Nelson","Southey, Robert",40,52
398,Helen: A Tale,"Edgeworth, Maria",EdgeMHT,8825,"The Life and Letters of Maria Edgeworth, Volume 1","Edgeworth, Maria",50,20
399,Minor morals for young people. : Illustrated in tales and travels (Vol. 1/3),"Bowring, John, Sir",BowrJMM,46695,A Visit to the Philippine Islands,"Bowring, John",33,48
400,"The doctor, &c (Vol. 2/2)","Southey, Robert",SoutRD2,947,"The Life of Horatio, Lord Nelson","Southey, Robert",40,52
401,The last days of Pompeii (Vol. 3/3),"Lytton, Edward Bulwer Lytton, Baron",LyttELD3,1565,The Last Days of Pompeii,"Lytton, Edward Bulwer Lytton, Baron",100,198
402,Rookwood (Vol. 1/3),"Ainsworth, William Harrison",AinsWRR.txt,23564,Rookwood,"Ainsworth, William Harrison",59,27
403,Lodore,"Shelley, Mary Wollstonecraft",ShelML,10119,Adonais,"Shelley, Percy Bysshe",31,92
404,Minor morals for young people. : Illustrated in tales and travels (Vol. 2/3),"Bowring, John, Sir",BowrJMM2,46695,A Visit to the Philippine Islands,"Bowring, John",33,48
405,Pericles and Aspasia (Vol. 1/2),"Landor, Walter Savage",LandWPA,22117,Across Coveted Lands: or a Journey from Flushing (Holland) to Calcutta Overland,"Landor, Arnold Henry Savage",39,92
406,Mrs. Armytage,"Gore, Mrs.",GoreMMA,33525,Stories from Tagore,"Tagore, Rabindranath",56,479
407,Pericles and Aspasia (Vol. 2/2),"Landor, Walter Savage",LandWPA2,22117,Across Coveted Lands: or a Journey from Flushing (Holland) to Calcutta Overland,"Landor, Arnold Henry Savage",39,92
408,Falkner,"Shelley, Mary Wollstonecraft",ShelMF2,6542,Frankenstein,"Shelley, Mary Wollstonecraft",53,95
409,Pickwick Papers,"Dickens, Charles",DickCPP,580,The Pickwick Papers,"Dickens, Charles",88,1308
410,Vicar of Wrexhill,"Trollope, Frances Milton",TrolFVW,36686,The Vicar of Wrexhill,"Trollope, Frances Milton",89,5
411,Oliver Twist,"Dickens, Charles",DickCOT,730,Oliver Twist,"Dickens, Charles",100,3847
412,Recollections of a southern matron,"Gilman, Caroline Howard",GilmCRS,38268,Aspects of Modern Opera: Estimates and Inquiries,"Gilman, Lawrence",47,10
413,Confessions of a thug,"Taylor, Meadows",TaylMCT,44881,Confessions of a Thug,"Taylor, Meadows",100,183
414,Minor morals for young people. : Illustrated in tales and travels (Vol. 3/3),"Bowring, John, Sir",BowrJMM3,46695,A Visit to the Philippine Islands,"Bowring, John",33,48
415,Nicholas Nickleby,"Dickens, Charles",DickCNN,967,Nicholas Nickleby,"Dickens, Charles",100,731
416,Catherine,"Thackeray, William Makepeace",ThacWC,1969,Catherine: A Story,"Thackeray, William Makepeace",67,35
417,Jack Sheppard,"Ainsworth, William Harrison",AinsWJS,16215,Jack Sheppard: A Romance,"Ainsworth, William Harrison",70,43
418,Barnaby Rudge,"Dickens, Charles",DickCBR,9732,Barnaby Rudge,"Dickens, Charles",100,3
419,"The Tower of London, a historical romance","Ainsworth, William Harrison",AinsWTL,49850,"The Tower of London: A Historical Romance, Illustrated","Ainsworth, William Harrison",95,70
420,Michael Armstrong,"Trollope, Frances Milton",TrolFMA,2860,Framley Parsonage,"Trollope, Anthony",53,123
421,Poor Jack,"Marryat, Frederick",MarrFPJ,21575,Poor Jack,"Marryat, Frederick",100,21
422,A shabby genteel story,"Thackeray, William Makepeace",ThacWSG,1969,Catherine: A Story,"Thackeray, William Makepeace",55,35
423,The old curiosity shop,"Dickens, Charles",DickCOC,700,The Old Curiosity Shop,"Dickens, Charles",100,731
424,"Charles O'Malley, the Irish dragoon (Vol. 2/2)","Lever, Charles James",LeveCCO2,8577,"Charles O'Malley, The Irish Dragoon, Volume 1","Lever, Charles James",99,45
425,"Charles O'Malley, the Irish dragoon (Vol. 1/2)","Lever, Charles James",LeveCCO,8577,"Charles O'Malley, The Irish Dragoon, Volume 1","Lever, Charles James",99,45
426,A Christmas carol,"Dickens, Charles",DickCCC,19337,A Christmas Carol,"Dickens, Charles",100,697
427,Coningsby,"Disraeli, Benjamin",DisrBC,7412,"Coningsby; Or, The New Generation","Disraeli, Benjamin, Earl of Beaconsfield",43,47
428,Tom Burke Of ours,"Lever, Charles",LeveCTB,31901,"Tom Burke Of ""Ours"", Volume I","Lever, Charles James",77,209
429,Martin Chuzzlewit,"Dickens, Charles",DickCMC,968,Martin Chuzzlewit,"Dickens, Charles",100,421
430,St. Patrick's Eve,"Lever, Charles James",LeveCSP,32083,St. Patrick's Eve,"Lever, Charles James",100,2
431,Sybil,"Disraeli, Benjamin",DisrBS,3760,"Sybil, Or, The Two Nations","Disraeli, Benjamin, Earl of Beaconsfield",32,161
432,Typee : a peep at Polynesian life. During a four months' residence in a valley of the Marquesas,"Melville, Herman",MelvHTP,1900,Typee: A Romance of the South Seas,"Melville, Herman",60,233
433,Omoo: a narrative of adventures in the South Seas,"Melville, Herman",MelvHON,4045,Omoo: Adventures in the South Seas,"Melville, Herman",53,106
434,Agnes Grey,"Bronte, Anne",BronAAG,11936,The Wise Mamma Goose,"Herr, Charlotte B. (Charlotte Bronte)",33,15
435,Wuthering Heights,"Bronte, Emily",BronEWH,11936,The Wise Mamma Goose,"Herr, Charlotte B. (Charlotte Bronte)",38,15
436,Tancred,"Disraeli, Benjamin",DisrBT,9840,Vivian Grey,"Disraeli, Benjamin, Earl of Beaconsfield",44,29
437,Jane Eyre,"Bronte, Charlotte",BronCJE,19197,How Freckle Frog Made Herself Pretty,"Herr, Charlotte B. (Charlotte Bronte)",32,44
438,Dombey and Son,"Dickens, Charles",DickCDS,821,Dombey and Son,"Dickens, Charles",100,513
439,Loss and gain,"Newman, John Henry",NewmJLG,24574,Loss and Gain: The Story of a Convert,"Newman, John Henry",70,32
440,Vanity Fair,"Thackeray, William Makepeace",ThacWVF,599,Vanity Fair,"Thackeray, William Makepeace",100,928
441,The tenant of Wildfell Hall,"Bronte, Anne",BronATW,19197,How Freckle Frog Made Herself Pretty,"Herr, Charlotte B. (Charlotte Bronte)",39,44
442,The nemesis of faith,"Froude, James Anthony",FrouJNF,15537,"The Reign of Henry the Eighth, Volume 1 (of 3)","Froude, James Anthony",57,32
443,Mary Barton,"Gaskell, Elizabeth Cleghorn",GaskEMB,2153,Mary Barton,"Gaskell, Elizabeth Cleghorn",100,330
444,"The history of Pendennis. His fortunes and misfortunes, his friends and his greatest enemy (Vol. 1/2)","Thackeray, William Makepeace",ThacWHP,7265,The History of Pendennis,"Thackeray, William Makepeace",91,89
445,"The history of Pendennis. His fortunes and misfortunes, his friends and his greatest enemy (Vol. 2/2)","Thackeray, William Makepeace",ThacWHP2,7265,The History of Pendennis,"Thackeray, William Makepeace",91,89
446,Shirley,"Bronte, Charlotte",BronCS,5196,Their Mariposa Legend: A Romance of Santa Catalina,"Herr, Charlotte B. (Charlotte Bronte)",26,5
447,Pendennis,"Thackeray, William Makepeace",ThacWP,7265,The History of Pendennis,"Thackeray, William Makepeace",55,89